-- MySQL dump 10.13  Distrib 8.0.45, for Win64 (x86_64)
--
-- Host: localhost    Database: sales_hub
-- ------------------------------------------------------
-- Server version	8.0.45

/*!40101 SET @OLD_CHARACTER_SET_CLIENT=@@CHARACTER_SET_CLIENT */;
/*!40101 SET @OLD_CHARACTER_SET_RESULTS=@@CHARACTER_SET_RESULTS */;
/*!40101 SET @OLD_COLLATION_CONNECTION=@@COLLATION_CONNECTION */;
/*!50503 SET NAMES utf8 */;
/*!40103 SET @OLD_TIME_ZONE=@@TIME_ZONE */;
/*!40103 SET TIME_ZONE='+00:00' */;
/*!40014 SET @OLD_UNIQUE_CHECKS=@@UNIQUE_CHECKS, UNIQUE_CHECKS=0 */;
/*!40014 SET @OLD_FOREIGN_KEY_CHECKS=@@FOREIGN_KEY_CHECKS, FOREIGN_KEY_CHECKS=0 */;
/*!40101 SET @OLD_SQL_MODE=@@SQL_MODE, SQL_MODE='NO_AUTO_VALUE_ON_ZERO' */;
/*!40111 SET @OLD_SQL_NOTES=@@SQL_NOTES, SQL_NOTES=0 */;

--
-- Table structure for table `branches`
--

DROP TABLE IF EXISTS `branches`;
/*!40101 SET @saved_cs_client     = @@character_set_client */;
/*!50503 SET character_set_client = utf8mb4 */;
CREATE TABLE `branches` (
  `branch_id` int NOT NULL,
  `branch_name` varchar(100) DEFAULT NULL,
  `branch_admin_name` varchar(100) DEFAULT NULL,
  PRIMARY KEY (`branch_id`)
) ENGINE=InnoDB DEFAULT CHARSET=utf8mb4 COLLATE=utf8mb4_0900_ai_ci;
/*!40101 SET character_set_client = @saved_cs_client */;

--
-- Dumping data for table `branches`
--

LOCK TABLES `branches` WRITE;
/*!40000 ALTER TABLE `branches` DISABLE KEYS */;
INSERT INTO `branches` VALUES (1,'Chennai','Arun Kumar\r'),(2,'Bangalore','Ravi Shankar\r'),(3,'Hyderabad','Suresh Reddy\r'),(4,'Delhi','Neha Sharma\r'),(5,'Mumbai','Rahul Mehta\r'),(6,'Pune','Amit Patil\r'),(7,'Kolkata','Subham Ghosh\r'),(8,'Ahmedabad','Raj Patel\r');
/*!40000 ALTER TABLE `branches` ENABLE KEYS */;
UNLOCK TABLES;

--
-- Table structure for table `customer_sales`
--

DROP TABLE IF EXISTS `customer_sales`;
/*!40101 SET @saved_cs_client     = @@character_set_client */;
/*!50503 SET character_set_client = utf8mb4 */;
CREATE TABLE `customer_sales` (
  `sale_id` int NOT NULL AUTO_INCREMENT,
  `branch_id` int DEFAULT NULL,
  `date` date NOT NULL,
  `name` varchar(100) NOT NULL,
  `mobile_number` varchar(15) NOT NULL,
  `product_name` varchar(30) NOT NULL,
  `gross_sales` decimal(12,2) NOT NULL,
  `received_amount` decimal(12,2) DEFAULT '0.00',
  `pending_amount` decimal(12,2) GENERATED ALWAYS AS ((`gross_sales` - `received_amount`)) STORED,
  `status` enum('Open','Close') DEFAULT 'Open',
  PRIMARY KEY (`sale_id`),
  KEY `branch_id` (`branch_id`),
  CONSTRAINT `customer_sales_ibfk_1` FOREIGN KEY (`branch_id`) REFERENCES `branches` (`branch_id`)
) ENGINE=InnoDB AUTO_INCREMENT=1055 DEFAULT CHARSET=utf8mb4 COLLATE=utf8mb4_0900_ai_ci;
/*!40101 SET character_set_client = @saved_cs_client */;

--
-- Dumping data for table `customer_sales`
--

LOCK TABLES `customer_sales` WRITE;
/*!40000 ALTER TABLE `customer_sales` DISABLE KEYS */;
INSERT INTO `customer_sales` (`sale_id`, `branch_id`, `date`, `name`, `mobile_number`, `product_name`, `gross_sales`, `received_amount`, `status`) VALUES (1,2,'0000-00-00','Customer_1','9800000001','DA',40000.00,10000.00,''),(2,1,'0000-00-00','02-01-2024','Customer_1','9800000001',0.00,10.00,'Open'),(3,2,'0000-00-00','03-01-2024','Customer_2','9800000002',0.00,26.00,'Open'),(4,3,'0000-00-00','04-01-2024','Customer_3','9800000003',0.00,13.00,'Open'),(5,4,'0000-00-00','05-01-2024','Customer_4','9800000004',0.00,6.00,'Open'),(6,5,'0000-00-00','06-01-2024','Customer_5','9800000005',0.00,7.00,'Open'),(7,6,'0000-00-00','07-01-2024','Customer_6','9800000006',0.00,7.00,'Open'),(8,7,'0000-00-00','08-01-2024','Customer_7','9800000007',0.00,8.00,'Open'),(9,8,'0000-00-00','09-01-2024','Customer_8','9800000008',0.00,9.00,'Open'),(10,3,'0000-00-00','Customer_10','9800000010','BA',30000.00,0.00,''),(11,4,'0000-00-00','Customer_11','9800000011','FSD',45000.00,0.00,''),(12,5,'0000-00-00','Customer_12','9800000012','DS',35000.00,0.00,''),(13,6,'0000-00-00','Customer_13','9800000013','DA',40000.00,0.00,''),(14,7,'0000-00-00','Customer_14','9800000014','BA',30000.00,0.00,''),(15,8,'0000-00-00','Customer_15','9800000015','FSD',45000.00,0.00,''),(16,1,'0000-00-00','Customer_16','9800000016','DS',35000.00,0.00,''),(17,1,'0000-00-00','02-01-2024','Customer_1','9800000001',0.00,12.00,''),(18,2,'0000-00-00','03-01-2024','Customer_2','9800000002',0.00,13.00,''),(19,3,'0000-00-00','04-01-2024','Customer_3','9800000003',0.00,13.00,''),(20,4,'0000-00-00','05-01-2024','Customer_4','9800000004',0.00,14.00,''),(21,5,'0000-00-00','06-01-2024','Customer_5','9800000005',0.00,15.00,''),(22,6,'0000-00-00','07-01-2024','Customer_6','9800000006',0.00,16.00,''),(23,7,'0000-00-00','08-01-2024','Customer_7','9800000007',0.00,15.00,''),(24,8,'0000-00-00','09-01-2024','Customer_8','9800000008',0.00,16.00,''),(25,2,'0000-00-00','Customer_25','9800000025','DA',40000.00,5000.00,''),(26,3,'0000-00-00','Customer_26','9800000026','BA',30000.00,0.00,''),(27,4,'0000-00-00','Customer_27','9800000027','FSD',45000.00,0.00,''),(28,5,'0000-00-00','Customer_28','9800000028','DS',35000.00,0.00,''),(29,6,'0000-00-00','Customer_29','9800000029','DA',40000.00,0.00,''),(30,7,'0000-00-00','Customer_30','9800000030','BA',30000.00,0.00,''),(31,8,'0000-00-00','Customer_31','9800000031','FSD',45000.00,0.00,''),(32,2,'2024-01-02','Customer_1','9800000001','DA',40000.00,20.00,''),(33,3,'2024-01-03','Customer_2','9800000002','BA',30000.00,21.00,''),(34,4,'2024-01-04','Customer_3','9800000003','FSD',45000.00,22.00,''),(35,5,'2024-01-05','Customer_4','9800000004','DS',35000.00,21.00,''),(36,6,'2024-01-06','Customer_5','9800000005','DA',40000.00,22.00,''),(37,7,'2024-01-07','Customer_6','9800000006','BA',30000.00,22.00,''),(38,8,'2024-01-08','Customer_7','9800000007','FSD',45000.00,23.00,''),(39,1,'2024-01-09','Customer_8','9800000008','DS',35000.00,24.00,''),(40,2,'2024-01-10','Customer_9','9800000009','DA',40000.00,25.00,''),(41,3,'2024-01-11','Customer_10','9800000010','BA',30000.00,24.00,''),(42,4,'2024-01-12','Customer_11','9800000011','FSD',45000.00,25.00,''),(43,5,'2024-01-13','Customer_12','9800000012','DS',35000.00,25.00,''),(44,6,'2024-01-14','Customer_13','9800000013','DA',40000.00,26.00,''),(45,7,'2024-01-15','Customer_14','9800000014','BA',30000.00,27.00,''),(46,8,'2024-01-16','Customer_15','9800000015','FSD',45000.00,28.00,''),(47,1,'2024-01-17','Customer_16','9800000016','DS',35000.00,27.00,''),(48,2,'2024-01-18','Customer_17','9800000017','DA',40000.00,28.00,''),(49,3,'2024-01-19','Customer_18','9800000018','BA',30000.00,28.00,''),(50,4,'2024-01-20','Customer_19','9800000019','FSD',45000.00,29.00,''),(51,5,'2024-01-21','Customer_20','9800000020','DS',35000.00,30.00,''),(52,6,'2024-01-22','Customer_21','9800000021','DA',40000.00,31.00,''),(53,7,'2024-01-23','Customer_22','9800000022','BA',30000.00,30.00,''),(54,8,'2024-01-24','Customer_23','9800000023','FSD',45000.00,31.00,''),(55,1,'2024-01-25','Customer_24','9800000024','DS',35000.00,31.00,''),(56,2,'2024-01-26','Customer_25','9800000025','DA',40000.00,1.00,''),(57,3,'2024-01-27','Customer_26','9800000026','BA',30000.00,2.00,''),(58,4,'2024-01-28','Customer_27','9800000027','FSD',45000.00,3.00,''),(59,5,'2024-01-29','Customer_28','9800000028','DS',35000.00,2.00,''),(60,6,'2024-01-30','Customer_29','9800000029','DA',40000.00,3.00,''),(61,7,'2024-01-31','Customer_30','9800000030','BA',30000.00,3.00,''),(62,8,'2024-02-01','Customer_31','9800000031','FSD',45000.00,4.00,''),(63,1,'2024-02-02','Customer_32','9800000032','DS',35000.00,5.00,''),(64,2,'2024-02-03','Customer_33','9800000033','DA',40000.00,16.00,''),(65,3,'2024-02-04','Customer_34','9800000034','BA',30000.00,5.00,''),(66,4,'2024-02-05','Customer_35','9800000035','FSD',45000.00,6.00,''),(67,5,'2024-02-06','Customer_36','9800000036','DS',35000.00,6.00,''),(68,6,'2024-02-07','Customer_37','9800000037','DA',40000.00,7.00,''),(69,7,'2024-02-08','Customer_38','9800000038','BA',30000.00,8.00,''),(70,8,'2024-02-09','Customer_39','9800000039','FSD',45000.00,9.00,''),(71,1,'2024-02-10','Customer_40','9800000040','DS',35000.00,8.00,''),(72,2,'2024-02-11','Customer_41','9800000041','DA',40000.00,9.00,''),(73,3,'2024-02-12','Customer_42','9800000042','BA',30000.00,9.00,''),(74,4,'2024-02-13','Customer_43','9800000043','FSD',45000.00,10.00,''),(75,5,'2024-02-14','Customer_44','9800000044','DS',35000.00,11.00,''),(76,6,'2024-02-15','Customer_45','9800000045','DA',40000.00,12.00,''),(77,7,'2024-02-16','Customer_46','9800000046','BA',30000.00,11.00,''),(78,8,'2024-02-17','Customer_47','9800000047','FSD',45000.00,12.00,''),(79,1,'2024-02-18','Customer_48','9800000048','DS',35000.00,12.00,''),(80,2,'2024-02-19','Customer_49','9800000049','DA',40000.00,13.00,''),(81,3,'2024-02-20','Customer_50','9800000050','BA',30000.00,14.00,''),(82,4,'2024-02-21','Customer_51','9800000051','FSD',45000.00,15.00,''),(83,5,'2024-02-22','Customer_52','9800000052','DS',35000.00,14.00,''),(84,6,'2024-02-23','Customer_53','9800000053','DA',40000.00,15.00,''),(85,7,'2024-02-24','Customer_54','9800000054','BA',30000.00,15.00,''),(86,8,'2024-02-25','Customer_55','9800000055','FSD',45000.00,16.00,''),(87,1,'2024-02-26','Customer_56','9800000056','DS',35000.00,17.00,''),(88,2,'2024-02-27','Customer_57','9800000057','DA',40000.00,18.00,''),(89,3,'2024-02-28','Customer_58','9800000058','BA',30000.00,17.00,''),(90,4,'2024-02-29','Customer_59','9800000059','FSD',45000.00,18.00,''),(91,5,'2024-03-01','Customer_60','9800000060','DS',35000.00,18.00,''),(92,6,'2024-03-02','Customer_61','9800000061','DA',40000.00,19.00,''),(93,7,'2024-03-03','Customer_62','9800000062','BA',30000.00,20.00,''),(94,8,'2024-03-04','Customer_63','9800000063','FSD',45000.00,21.00,''),(95,1,'2024-03-05','Customer_64','9800000064','DS',35000.00,20.00,''),(96,2,'2024-03-06','Customer_65','9800000065','DA',40000.00,21.00,''),(97,3,'2024-03-07','Customer_66','9800000066','BA',30000.00,21.00,''),(98,4,'2024-03-08','Customer_67','9800000067','FSD',45000.00,22.00,''),(99,5,'2024-03-09','Customer_68','9800000068','DS',35000.00,23.00,''),(100,6,'2024-03-10','Customer_69','9800000069','DA',40000.00,24.00,''),(101,7,'2024-03-11','Customer_70','9800000070','BA',30000.00,23.00,''),(102,8,'2024-03-12','Customer_71','9800000071','FSD',45000.00,24.00,''),(103,1,'2024-03-13','Customer_72','9800000072','DS',35000.00,24.00,''),(104,2,'2024-03-14','Customer_73','9800000073','DA',40000.00,25.00,''),(105,3,'2024-03-15','Customer_74','9800000074','BA',30000.00,26.00,''),(106,4,'2024-03-16','Customer_75','9800000075','FSD',45000.00,27.00,''),(107,5,'2024-03-17','Customer_76','9800000076','DS',35000.00,26.00,''),(108,6,'2024-03-18','Customer_77','9800000077','DA',40000.00,27.00,''),(109,7,'2024-03-19','Customer_78','9800000078','BA',30000.00,27.00,''),(110,8,'2024-03-20','Customer_79','9800000079','FSD',45000.00,28.00,''),(111,1,'2024-03-21','Customer_80','9800000080','DS',35000.00,29.00,''),(112,2,'2024-03-22','Customer_81','9800000081','DA',40000.00,1.00,''),(113,3,'2024-03-23','Customer_82','9800000082','BA',30000.00,29.00,''),(114,4,'2024-03-24','Customer_83','9800000083','FSD',45000.00,1.00,''),(115,5,'2024-03-25','Customer_84','9800000084','DS',35000.00,1.00,''),(116,6,'2024-03-26','Customer_85','9800000085','DA',40000.00,2.00,''),(117,7,'2024-03-27','Customer_86','9800000086','BA',30000.00,3.00,''),(118,8,'2024-03-28','Customer_87','9800000087','FSD',45000.00,4.00,''),(119,1,'2024-03-29','Customer_88','9800000088','DS',35000.00,3.00,''),(120,2,'2024-03-30','Customer_89','9800000089','DA',40000.00,4.00,''),(121,3,'2024-03-31','Customer_90','9800000090','BA',30000.00,4.00,''),(122,4,'2024-04-01','Customer_91','9800000091','FSD',45000.00,5.00,''),(123,5,'2024-04-02','Customer_92','9800000092','DS',35000.00,6.00,''),(124,6,'2024-04-03','Customer_93','9800000093','DA',40000.00,7.00,''),(125,7,'2024-04-04','Customer_94','9800000094','BA',30000.00,6.00,''),(126,8,'2024-04-05','Customer_95','9800000095','FSD',45000.00,7.00,''),(127,1,'2024-04-06','Customer_96','9800000096','DS',35000.00,7.00,''),(128,2,'2024-04-07','Customer_97','9800000097','DA',40000.00,8.00,''),(129,3,'2024-04-08','Customer_98','9800000098','BA',30000.00,9.00,''),(130,4,'2024-04-09','Customer_99','9800000099','FSD',45000.00,10.00,''),(131,5,'2024-04-10','Customer_100','9800000100','DS',35000.00,9.00,''),(132,6,'2024-04-11','Customer_101','9800000101','DA',40000.00,10.00,''),(133,7,'2024-04-12','Customer_102','9800000102','BA',30000.00,10.00,''),(134,8,'2024-04-13','Customer_103','9800000103','FSD',45000.00,11.00,''),(135,1,'2024-04-14','Customer_104','9800000104','DS',35000.00,12.00,''),(136,2,'2024-04-15','Customer_105','9800000105','DA',40000.00,13.00,''),(137,3,'2024-04-16','Customer_106','9800000106','BA',30000.00,12.00,''),(138,4,'2024-04-17','Customer_107','9800000107','FSD',45000.00,13.00,''),(139,5,'2024-04-18','Customer_108','9800000108','DS',35000.00,13.00,''),(140,6,'2024-04-19','Customer_109','9800000109','DA',40000.00,14.00,''),(141,7,'2024-04-20','Customer_110','9800000110','BA',30000.00,15.00,''),(142,8,'2024-04-21','Customer_111','9800000111','FSD',45000.00,16.00,''),(143,1,'2024-04-22','Customer_112','9800000112','DS',35000.00,15.00,''),(144,2,'2024-04-23','Customer_113','9800000113','DA',40000.00,16.00,''),(145,3,'2024-04-24','Customer_114','9800000114','BA',30000.00,16.00,''),(146,4,'2024-04-25','Customer_115','9800000115','FSD',45000.00,17.00,''),(147,5,'2024-04-26','Customer_116','9800000116','DS',35000.00,18.00,''),(148,6,'2024-04-27','Customer_117','9800000117','DA',40000.00,19.00,''),(149,7,'2024-04-28','Customer_118','9800000118','BA',30000.00,18.00,''),(150,8,'2024-04-29','Customer_119','9800000119','FSD',45000.00,19.00,''),(151,1,'2024-04-30','Customer_120','9800000120','DS',35000.00,19.00,''),(152,2,'2024-05-01','Customer_121','9800000121','DA',40000.00,20.00,''),(153,3,'2024-05-02','Customer_122','9800000122','BA',30000.00,21.00,''),(154,4,'2024-05-03','Customer_123','9800000123','FSD',45000.00,22.00,''),(155,5,'2024-05-04','Customer_124','9800000124','DS',35000.00,21.00,''),(156,6,'2024-05-05','Customer_125','9800000125','DA',40000.00,22.00,''),(157,7,'2024-05-06','Customer_126','9800000126','BA',30000.00,22.00,''),(158,8,'2024-05-07','Customer_127','9800000127','FSD',45000.00,23.00,''),(159,1,'2024-05-08','Customer_128','9800000128','DS',35000.00,24.00,''),(160,2,'2024-05-09','Customer_129','9800000129','DA',40000.00,25.00,''),(161,3,'2024-05-10','Customer_130','9800000130','BA',30000.00,24.00,''),(162,4,'2024-05-11','Customer_131','9800000131','FSD',45000.00,25.00,''),(163,5,'2024-05-12','Customer_132','9800000132','DS',35000.00,25.00,''),(164,6,'2024-05-13','Customer_133','9800000133','DA',40000.00,26.00,''),(165,7,'2024-05-14','Customer_134','9800000134','BA',30000.00,27.00,''),(166,8,'2024-05-15','Customer_135','9800000135','FSD',45000.00,28.00,''),(167,1,'2024-05-16','Customer_136','9800000136','DS',35000.00,27.00,''),(168,2,'2024-05-17','Customer_137','9800000137','DA',40000.00,28.00,''),(169,3,'2024-05-18','Customer_138','9800000138','BA',30000.00,28.00,''),(170,4,'2024-05-19','Customer_139','9800000139','FSD',45000.00,29.00,''),(171,5,'2024-05-20','Customer_140','9800000140','DS',35000.00,30.00,''),(172,6,'2024-05-21','Customer_141','9800000141','DA',40000.00,31.00,''),(173,7,'2024-05-22','Customer_142','9800000142','BA',30000.00,30.00,''),(174,8,'2024-05-23','Customer_143','9800000143','FSD',45000.00,31.00,''),(175,1,'2024-05-24','Customer_144','9800000144','DS',35000.00,31.00,''),(176,2,'2024-05-25','Customer_145','9800000145','DA',40000.00,1.00,''),(177,3,'2024-05-26','Customer_146','9800000146','BA',30000.00,2.00,''),(178,4,'2024-05-27','Customer_147','9800000147','FSD',45000.00,3.00,''),(179,5,'2024-05-28','Customer_148','9800000148','DS',35000.00,2.00,''),(180,6,'2024-05-29','Customer_149','9800000149','DA',40000.00,3.00,''),(181,7,'2024-05-30','Customer_150','9800000150','BA',30000.00,3.00,''),(182,8,'2024-05-31','Customer_151','9800000151','FSD',45000.00,4.00,''),(183,1,'2024-06-01','Customer_152','9800000152','DS',35000.00,5.00,''),(184,2,'2024-06-02','Customer_153','9800000153','DA',40000.00,6.00,''),(185,3,'2024-06-03','Customer_154','9800000154','BA',30000.00,5.00,''),(186,4,'2024-06-04','Customer_155','9800000155','FSD',45000.00,6.00,''),(187,5,'2024-06-05','Customer_156','9800000156','DS',35000.00,6.00,''),(188,6,'2024-06-06','Customer_157','9800000157','DA',40000.00,7.00,''),(189,7,'2024-06-07','Customer_158','9800000158','BA',30000.00,8.00,''),(190,8,'2024-06-08','Customer_159','9800000159','FSD',45000.00,9.00,''),(191,1,'2024-06-09','Customer_160','9800000160','DS',35000.00,8.00,''),(192,2,'2024-06-10','Customer_161','9800000161','DA',40000.00,9.00,''),(193,3,'2024-06-11','Customer_162','9800000162','BA',30000.00,9.00,''),(194,4,'2024-06-12','Customer_163','9800000163','FSD',45000.00,10.00,''),(195,5,'2024-06-13','Customer_164','9800000164','DS',35000.00,11.00,''),(196,6,'2024-06-14','Customer_165','9800000165','DA',40000.00,12.00,''),(197,7,'2024-06-15','Customer_166','9800000166','BA',30000.00,11.00,''),(198,8,'2024-06-16','Customer_167','9800000167','FSD',45000.00,12.00,''),(199,1,'2024-06-17','Customer_168','9800000168','DS',35000.00,12.00,''),(200,2,'2024-06-18','Customer_169','9800000169','DA',40000.00,13.00,''),(201,3,'2024-06-19','Customer_170','9800000170','BA',30000.00,14.00,''),(202,4,'2024-06-20','Customer_171','9800000171','FSD',45000.00,15.00,''),(203,5,'2024-06-21','Customer_172','9800000172','DS',35000.00,14.00,''),(204,6,'2024-06-22','Customer_173','9800000173','DA',40000.00,15.00,''),(205,7,'2024-06-23','Customer_174','9800000174','BA',30000.00,15.00,''),(206,8,'2024-06-24','Customer_175','9800000175','FSD',45000.00,16.00,''),(207,1,'2024-06-25','Customer_176','9800000176','DS',35000.00,17.00,''),(208,2,'2024-06-26','Customer_177','9800000177','DA',40000.00,18.00,''),(209,3,'2024-06-27','Customer_178','9800000178','BA',30000.00,17.00,''),(210,4,'2024-06-28','Customer_179','9800000179','FSD',45000.00,18.00,''),(211,5,'2024-01-01','Customer_180','9800000180','DS',35000.00,18.00,''),(212,6,'2024-01-02','Customer_181','9800000181','DA',40000.00,19.00,''),(213,7,'2024-01-03','Customer_182','9800000182','BA',30000.00,20.00,''),(214,8,'2024-01-04','Customer_183','9800000183','FSD',45000.00,21.00,''),(215,1,'2024-01-05','Customer_184','9800000184','DS',35000.00,20.00,''),(216,2,'2024-01-06','Customer_185','9800000185','DA',40000.00,21.00,''),(217,3,'2024-01-07','Customer_186','9800000186','BA',30000.00,21.00,''),(218,4,'2024-01-08','Customer_187','9800000187','FSD',45000.00,22.00,''),(219,5,'2024-01-09','Customer_188','9800000188','DS',35000.00,23.00,''),(220,6,'2024-01-10','Customer_189','9800000189','DA',40000.00,24.00,''),(221,7,'2024-01-11','Customer_190','9800000190','BA',30000.00,23.00,''),(222,8,'2024-01-12','Customer_191','9800000191','FSD',45000.00,24.00,''),(223,1,'2024-01-13','Customer_192','9800000192','DS',35000.00,24.00,''),(224,2,'2024-01-14','Customer_193','9800000193','DA',40000.00,25.00,''),(225,3,'2024-01-15','Customer_194','9800000194','BA',30000.00,26.00,''),(226,4,'2024-01-16','Customer_195','9800000195','FSD',45000.00,27.00,''),(227,5,'2024-01-17','Customer_196','9800000196','DS',35000.00,26.00,''),(228,6,'2024-01-18','Customer_197','9800000197','DA',40000.00,27.00,''),(229,7,'2024-01-19','Customer_198','9800000198','BA',30000.00,27.00,''),(230,8,'2024-01-20','Customer_199','9800000199','FSD',45000.00,28.00,''),(231,1,'2024-01-21','Customer_200','9800000200','DS',35000.00,29.00,''),(232,2,'2024-01-22','Customer_201','9800000201','DA',40000.00,30.00,''),(233,3,'2024-01-23','Customer_202','9800000202','BA',30000.00,29.00,''),(234,4,'2024-01-24','Customer_203','9800000203','FSD',45000.00,30.00,''),(235,5,'2024-01-25','Customer_204','9800000204','DS',35000.00,30.00,''),(236,6,'2024-01-26','Customer_205','9800000205','DA',40000.00,1.00,''),(237,7,'2024-01-27','Customer_206','9800000206','BA',30000.00,2.00,''),(238,8,'2024-01-28','Customer_207','9800000207','FSD',45000.00,3.00,''),(239,1,'2024-01-29','Customer_208','9800000208','DS',35000.00,2.00,''),(240,2,'2024-01-30','Customer_209','9800000209','DA',40000.00,3.00,''),(241,3,'2024-01-31','Customer_210','9800000210','BA',30000.00,3.00,''),(242,4,'2024-02-01','Customer_211','9800000211','FSD',45000.00,4.00,''),(243,5,'2024-02-02','Customer_212','9800000212','DS',35000.00,5.00,''),(244,6,'2024-02-03','Customer_213','9800000213','DA',40000.00,6.00,''),(245,7,'2024-02-04','Customer_214','9800000214','BA',30000.00,5.00,''),(246,8,'2024-02-05','Customer_215','9800000215','FSD',45000.00,6.00,''),(247,1,'2024-02-06','Customer_216','9800000216','DS',35000.00,6.00,''),(248,2,'2024-02-07','Customer_217','9800000217','DA',40000.00,7.00,''),(249,3,'2024-02-08','Customer_218','9800000218','BA',30000.00,8.00,''),(250,4,'2024-02-09','Customer_219','9800000219','FSD',45000.00,9.00,''),(251,5,'2024-02-10','Customer_220','9800000220','DS',35000.00,8.00,''),(252,6,'2024-02-11','Customer_221','9800000221','DA',40000.00,9.00,''),(253,7,'2024-02-12','Customer_222','9800000222','BA',30000.00,9.00,''),(254,8,'2024-02-13','Customer_223','9800000223','FSD',45000.00,10.00,''),(255,1,'2024-02-14','Customer_224','9800000224','DS',35000.00,11.00,''),(256,2,'2024-02-15','Customer_225','9800000225','DA',40000.00,12.00,''),(257,3,'2024-02-16','Customer_226','9800000226','BA',30000.00,11.00,''),(258,4,'2024-02-17','Customer_227','9800000227','FSD',45000.00,12.00,''),(259,5,'2024-02-18','Customer_228','9800000228','DS',35000.00,12.00,''),(260,6,'2024-02-19','Customer_229','9800000229','DA',40000.00,13.00,''),(261,7,'2024-02-20','Customer_230','9800000230','BA',30000.00,14.00,''),(262,8,'2024-02-21','Customer_231','9800000231','FSD',45000.00,15.00,''),(263,1,'2024-02-22','Customer_232','9800000232','DS',35000.00,14.00,''),(264,2,'2024-02-23','Customer_233','9800000233','DA',40000.00,15.00,''),(265,3,'2024-02-24','Customer_234','9800000234','BA',30000.00,15.00,''),(266,4,'2024-02-25','Customer_235','9800000235','FSD',45000.00,16.00,''),(267,5,'2024-02-26','Customer_236','9800000236','DS',35000.00,17.00,''),(268,6,'2024-02-27','Customer_237','9800000237','DA',40000.00,18.00,''),(269,7,'2024-02-28','Customer_238','9800000238','BA',30000.00,17.00,''),(270,8,'2024-02-29','Customer_239','9800000239','FSD',45000.00,18.00,''),(271,1,'2024-03-01','Customer_240','9800000240','DS',35000.00,18.00,''),(272,2,'2024-03-02','Customer_241','9800000241','DA',40000.00,19.00,''),(273,3,'2024-03-03','Customer_242','9800000242','BA',30000.00,20.00,''),(274,4,'2024-03-04','Customer_243','9800000243','FSD',45000.00,21.00,''),(275,5,'2024-03-05','Customer_244','9800000244','DS',35000.00,20.00,''),(276,6,'2024-03-06','Customer_245','9800000245','DA',40000.00,21.00,''),(277,7,'2024-03-07','Customer_246','9800000246','BA',30000.00,21.00,''),(278,8,'2024-03-08','Customer_247','9800000247','FSD',45000.00,22.00,''),(279,1,'2024-03-09','Customer_248','9800000248','DS',35000.00,23.00,''),(280,2,'2024-03-10','Customer_249','9800000249','DA',40000.00,24.00,''),(281,3,'2024-03-11','Customer_250','9800000250','BA',30000.00,23.00,''),(282,4,'2024-03-12','Customer_251','9800000251','FSD',45000.00,24.00,''),(283,5,'2024-03-13','Customer_252','9800000252','DS',35000.00,24.00,''),(284,6,'2024-03-14','Customer_253','9800000253','DA',40000.00,25.00,''),(285,7,'2024-03-15','Customer_254','9800000254','BA',30000.00,26.00,''),(286,8,'2024-03-16','Customer_255','9800000255','FSD',45000.00,27.00,''),(287,1,'2024-03-17','Customer_256','9800000256','DS',35000.00,26.00,''),(288,2,'2024-03-18','Customer_257','9800000257','DA',40000.00,27.00,''),(289,3,'2024-03-19','Customer_258','9800000258','BA',30000.00,27.00,''),(290,4,'2024-03-20','Customer_259','9800000259','FSD',45000.00,28.00,''),(291,5,'2024-03-21','Customer_260','9800000260','DS',35000.00,29.00,''),(292,6,'2024-03-22','Customer_261','9800000261','DA',40000.00,30.00,''),(293,7,'2024-03-23','Customer_262','9800000262','BA',30000.00,29.00,''),(294,8,'2024-03-24','Customer_263','9800000263','FSD',45000.00,30.00,''),(295,1,'2024-03-25','Customer_264','9800000264','DS',35000.00,30.00,''),(296,2,'2024-03-26','Customer_265','9800000265','DA',40000.00,31.00,''),(297,3,'2024-03-27','Customer_266','9800000266','BA',30000.00,1.00,''),(298,4,'2024-03-28','Customer_267','9800000267','FSD',45000.00,2.00,''),(299,5,'2024-03-29','Customer_268','9800000268','DS',35000.00,3.00,''),(300,6,'2024-03-30','Customer_269','9800000269','DA',40000.00,4.00,''),(301,7,'2024-03-31','Customer_270','9800000270','BA',30000.00,4.00,''),(302,8,'2024-04-01','Customer_271','9800000271','FSD',45000.00,5.00,''),(303,1,'2024-04-02','Customer_272','9800000272','DS',35000.00,6.00,''),(304,2,'2024-04-03','Customer_273','9800000273','DA',40000.00,7.00,''),(305,3,'2024-04-04','Customer_274','9800000274','BA',30000.00,6.00,''),(306,4,'2024-04-05','Customer_275','9800000275','FSD',45000.00,7.00,''),(307,5,'2024-04-06','Customer_276','9800000276','DS',35000.00,7.00,''),(308,6,'2024-04-07','Customer_277','9800000277','DA',40000.00,8.00,''),(309,7,'2024-04-08','Customer_278','9800000278','BA',30000.00,40009.00,''),(310,8,'2024-04-09','Customer_279','9800000279','FSD',45000.00,15010.00,''),(311,1,'2024-04-10','Customer_280','9800000280','DS',35000.00,40509.00,''),(312,2,'2024-04-11','Customer_281','9800000281','DA',40000.00,35010.00,''),(313,3,'2024-04-12','Customer_282','9800000282','BA',30000.00,20010.00,''),(314,4,'2024-04-13','Customer_283','9800000283','FSD',45000.00,27011.00,''),(315,5,'2024-04-14','Customer_284','9800000284','DS',35000.00,45012.00,''),(316,6,'2024-04-15','Customer_285','9800000285','DA',40000.00,17513.00,''),(317,7,'2024-04-16','Customer_286','9800000286','BA',30000.00,36012.00,''),(318,8,'2024-04-17','Customer_287','9800000287','FSD',45000.00,30013.00,''),(319,1,'2024-04-18','Customer_288','9800000288','DS',35000.00,22513.00,''),(320,2,'2024-04-19','Customer_289','9800000289','DA',40000.00,31514.00,''),(321,3,'2024-04-20','Customer_290','9800000290','BA',30000.00,40015.00,''),(322,4,'2024-04-21','Customer_291','9800000291','FSD',45000.00,15016.00,''),(323,5,'2024-04-22','Customer_292','9800000292','DS',35000.00,40515.00,''),(324,6,'2024-04-23','Customer_293','9800000293','DA',40000.00,35016.00,''),(325,7,'2024-04-24','Customer_294','9800000294','BA',30000.00,20016.00,''),(326,8,'2024-04-25','Customer_295','9800000295','FSD',45000.00,27017.00,''),(327,1,'2024-04-26','Customer_296','9800000296','DS',35000.00,45018.00,''),(328,2,'2024-04-27','Customer_297','9800000297','DA',40000.00,17519.00,''),(329,3,'2024-04-28','Customer_298','9800000298','BA',30000.00,36018.00,''),(330,4,'2024-04-29','Customer_299','9800000299','FSD',45000.00,30019.00,''),(331,5,'2024-04-30','Customer_300','9800000300','DS',35000.00,22519.00,''),(332,6,'2024-05-01','Customer_301','9800000301','DA',40000.00,31520.00,''),(333,7,'2024-05-02','Customer_302','9800000302','BA',30000.00,40021.00,''),(334,8,'2024-05-03','Customer_303','9800000303','FSD',45000.00,15022.00,''),(335,1,'2024-05-04','Customer_304','9800000304','DS',35000.00,40521.00,''),(336,2,'2024-05-05','Customer_305','9800000305','DA',40000.00,35022.00,''),(337,3,'2024-05-06','Customer_306','9800000306','BA',30000.00,20022.00,''),(338,4,'2024-05-07','Customer_307','9800000307','FSD',45000.00,27023.00,''),(339,5,'2024-05-08','Customer_308','9800000308','DS',35000.00,45024.00,''),(340,6,'2024-05-09','Customer_309','9800000309','DA',40000.00,17525.00,''),(341,7,'2024-05-10','Customer_310','9800000310','BA',30000.00,36024.00,''),(342,8,'2024-05-11','Customer_311','9800000311','FSD',45000.00,30025.00,''),(343,1,'2024-05-12','Customer_312','9800000312','DS',35000.00,22525.00,''),(344,2,'2024-05-13','Customer_313','9800000313','DA',40000.00,31526.00,''),(345,3,'2024-05-14','Customer_314','9800000314','BA',30000.00,40027.00,''),(346,4,'2024-05-15','Customer_315','9800000315','FSD',45000.00,15028.00,''),(347,5,'2024-05-16','Customer_316','9800000316','DS',35000.00,40527.00,''),(348,6,'2024-05-17','Customer_317','9800000317','DA',40000.00,35028.00,''),(349,7,'2024-05-18','Customer_318','9800000318','BA',30000.00,20028.00,''),(350,8,'2024-05-19','Customer_319','9800000319','FSD',45000.00,27029.00,''),(351,1,'2024-05-20','Customer_320','9800000320','DS',35000.00,45030.00,''),(352,2,'2024-05-21','Customer_321','9800000321','DA',40000.00,17531.00,''),(353,3,'2024-05-22','Customer_322','9800000322','BA',30000.00,36030.00,''),(354,4,'2024-05-23','Customer_323','9800000323','FSD',45000.00,30031.00,''),(355,5,'2024-05-24','Customer_324','9800000324','DS',35000.00,22531.00,''),(356,6,'2024-05-25','Customer_325','9800000325','DA',40000.00,31501.00,''),(357,7,'2024-05-26','Customer_326','9800000326','BA',30000.00,40002.00,''),(358,8,'2024-05-27','Customer_327','9800000327','FSD',45000.00,15003.00,''),(359,1,'2024-05-28','Customer_328','9800000328','DS',35000.00,40502.00,''),(360,2,'2024-05-29','Customer_329','9800000329','DA',40000.00,35003.00,''),(361,3,'2024-05-30','Customer_330','9800000330','BA',30000.00,20003.00,''),(362,4,'2024-05-31','Customer_331','9800000331','FSD',45000.00,27004.00,''),(363,5,'2024-06-01','Customer_332','9800000332','DS',35000.00,45005.00,''),(364,6,'2024-06-02','Customer_333','9800000333','DA',40000.00,17506.00,''),(365,7,'2024-06-03','Customer_334','9800000334','BA',30000.00,36005.00,''),(366,8,'2024-06-04','Customer_335','9800000335','FSD',45000.00,30006.00,''),(367,1,'2024-06-05','Customer_336','9800000336','DS',35000.00,22506.00,''),(368,2,'2024-06-06','Customer_337','9800000337','DA',40000.00,31507.00,''),(369,3,'2024-06-07','Customer_338','9800000338','BA',30000.00,40008.00,''),(370,4,'2024-06-08','Customer_339','9800000339','FSD',45000.00,15009.00,''),(371,5,'2024-06-09','Customer_340','9800000340','DS',35000.00,40508.00,''),(372,6,'2024-06-10','Customer_341','9800000341','DA',40000.00,35009.00,''),(373,7,'2024-06-11','Customer_342','9800000342','BA',30000.00,20009.00,''),(374,8,'2024-06-12','Customer_343','9800000343','FSD',45000.00,27010.00,''),(375,1,'2024-06-13','Customer_344','9800000344','DS',35000.00,45011.00,''),(376,2,'2024-06-14','Customer_345','9800000345','DA',40000.00,17512.00,''),(377,3,'2024-06-15','Customer_346','9800000346','BA',30000.00,36011.00,''),(378,4,'2024-06-16','Customer_347','9800000347','FSD',45000.00,30012.00,''),(379,5,'2024-06-17','Customer_348','9800000348','DS',35000.00,22512.00,''),(380,6,'2024-06-18','Customer_349','9800000349','DA',40000.00,31513.00,''),(381,7,'2024-06-19','Customer_350','9800000350','BA',30000.00,40014.00,''),(382,8,'2024-06-20','Customer_351','9800000351','FSD',45000.00,15015.00,''),(383,1,'2024-06-21','Customer_352','9800000352','DS',35000.00,40514.00,''),(384,2,'2024-06-22','Customer_353','9800000353','DA',40000.00,35015.00,''),(385,3,'2024-06-23','Customer_354','9800000354','BA',30000.00,20015.00,''),(386,4,'2024-06-24','Customer_355','9800000355','FSD',45000.00,27016.00,''),(387,5,'2024-06-25','Customer_356','9800000356','DS',35000.00,45017.00,''),(388,6,'2024-06-26','Customer_357','9800000357','DA',40000.00,17518.00,''),(389,7,'2024-06-27','Customer_358','9800000358','BA',30000.00,36017.00,''),(390,8,'2024-06-28','Customer_359','9800000359','FSD',45000.00,30018.00,''),(391,1,'2024-01-01','Customer_360','9800000360','DS',35000.00,22518.00,''),(392,2,'2024-01-02','Customer_361','9800000361','DA',40000.00,31519.00,''),(393,3,'2024-01-03','Customer_362','9800000362','BA',30000.00,40020.00,''),(394,4,'2024-01-04','Customer_363','9800000363','FSD',45000.00,15021.00,''),(395,5,'2024-01-05','Customer_364','9800000364','DS',35000.00,40520.00,''),(396,6,'2024-01-06','Customer_365','9800000365','DA',40000.00,35021.00,''),(397,7,'2024-01-07','Customer_366','9800000366','BA',30000.00,20021.00,''),(398,8,'2024-01-08','Customer_367','9800000367','FSD',45000.00,27022.00,''),(399,1,'2024-01-09','Customer_368','9800000368','DS',35000.00,45023.00,''),(400,2,'2024-01-10','Customer_369','9800000369','DA',40000.00,17524.00,''),(401,3,'2024-01-11','Customer_370','9800000370','BA',30000.00,36023.00,''),(402,4,'2024-01-12','Customer_371','9800000371','FSD',45000.00,30024.00,''),(403,5,'2024-01-13','Customer_372','9800000372','DS',35000.00,22524.00,''),(404,6,'2024-01-14','Customer_373','9800000373','DA',40000.00,31525.00,''),(405,7,'2024-01-15','Customer_374','9800000374','BA',30000.00,40026.00,''),(406,8,'2024-01-16','Customer_375','9800000375','FSD',45000.00,15027.00,''),(407,1,'2024-01-17','Customer_376','9800000376','DS',35000.00,40526.00,''),(408,2,'2024-01-18','Customer_377','9800000377','DA',40000.00,35027.00,''),(409,3,'2024-01-19','Customer_378','9800000378','BA',30000.00,20027.00,''),(410,4,'2024-01-20','Customer_379','9800000379','FSD',45000.00,27028.00,''),(411,5,'2024-01-21','Customer_380','9800000380','DS',35000.00,45029.00,''),(412,6,'2024-01-22','Customer_381','9800000381','DA',40000.00,17501.00,''),(413,7,'2024-01-23','Customer_382','9800000382','BA',30000.00,36029.00,''),(414,8,'2024-01-24','Customer_383','9800000383','FSD',45000.00,30001.00,''),(415,1,'2024-01-25','Customer_384','9800000384','DS',35000.00,22501.00,''),(416,2,'2024-01-26','Customer_385','9800000385','DA',40000.00,31502.00,''),(417,3,'2024-01-27','Customer_386','9800000386','BA',30000.00,40003.00,''),(418,4,'2024-01-28','Customer_387','9800000387','FSD',45000.00,15004.00,''),(419,5,'2024-01-29','Customer_388','9800000388','DS',35000.00,40503.00,''),(420,6,'2024-01-30','Customer_389','9800000389','DA',40000.00,35004.00,''),(421,7,'2024-01-31','Customer_390','9800000390','BA',30000.00,20004.00,''),(422,8,'2024-02-01','Customer_391','9800000391','FSD',45000.00,27005.00,''),(423,1,'2024-02-02','Customer_392','9800000392','DS',35000.00,45006.00,''),(424,2,'2024-02-03','Customer_393','9800000393','DA',40000.00,17507.00,''),(425,3,'2024-02-04','Customer_394','9800000394','BA',30000.00,36006.00,''),(426,4,'2024-02-05','Customer_395','9800000395','FSD',45000.00,30007.00,''),(427,5,'2024-02-06','Customer_396','9800000396','DS',35000.00,22507.00,''),(428,6,'2024-02-07','Customer_397','9800000397','DA',40000.00,31508.00,''),(429,7,'2024-02-08','Customer_398','9800000398','BA',30000.00,40009.00,''),(430,8,'2024-02-09','Customer_399','9800000399','FSD',45000.00,15010.00,''),(431,1,'2024-02-10','Customer_400','9800000400','DS',35000.00,40509.00,''),(432,2,'2024-02-11','Customer_401','9800000401','DA',40000.00,35010.00,''),(433,3,'2024-02-12','Customer_402','9800000402','BA',30000.00,20010.00,''),(434,4,'2024-02-13','Customer_403','9800000403','FSD',45000.00,27011.00,''),(435,5,'2024-02-14','Customer_404','9800000404','DS',35000.00,45012.00,''),(436,6,'2024-02-15','Customer_405','9800000405','DA',40000.00,17513.00,''),(437,7,'2024-02-16','Customer_406','9800000406','BA',30000.00,36012.00,''),(438,8,'2024-02-17','Customer_407','9800000407','FSD',45000.00,30013.00,''),(439,1,'2024-02-18','Customer_408','9800000408','DS',35000.00,22513.00,''),(440,2,'2024-02-19','Customer_409','9800000409','DA',40000.00,31514.00,''),(441,3,'2024-02-20','Customer_410','9800000410','BA',30000.00,40015.00,''),(442,4,'2024-02-21','Customer_411','9800000411','FSD',45000.00,15016.00,''),(443,5,'2024-02-22','Customer_412','9800000412','DS',35000.00,40515.00,''),(444,6,'2024-02-23','Customer_413','9800000413','DA',40000.00,35016.00,''),(445,7,'2024-02-24','Customer_414','9800000414','BA',30000.00,20016.00,''),(446,8,'2024-02-25','Customer_415','9800000415','FSD',45000.00,27017.00,''),(447,1,'2024-02-26','Customer_416','9800000416','DS',35000.00,45018.00,''),(448,2,'2024-02-27','Customer_417','9800000417','DA',40000.00,17519.00,''),(449,3,'2024-02-28','Customer_418','9800000418','BA',30000.00,36018.00,''),(450,4,'2024-02-29','Customer_419','9800000419','FSD',45000.00,30019.00,''),(451,5,'2024-03-01','Customer_420','9800000420','DS',35000.00,22519.00,''),(452,6,'2024-03-02','Customer_421','9800000421','DA',40000.00,31520.00,''),(453,7,'2024-03-03','Customer_422','9800000422','BA',30000.00,40021.00,''),(454,8,'2024-03-04','Customer_423','9800000423','FSD',45000.00,15022.00,''),(455,1,'2024-03-05','Customer_424','9800000424','DS',35000.00,40521.00,''),(456,2,'2024-03-06','Customer_425','9800000425','DA',40000.00,35022.00,''),(457,3,'2024-03-07','Customer_426','9800000426','BA',30000.00,20022.00,''),(458,4,'2024-03-08','Customer_427','9800000427','FSD',45000.00,27023.00,''),(459,5,'2024-03-09','Customer_428','9800000428','DS',35000.00,45024.00,''),(460,6,'2024-03-10','Customer_429','9800000429','DA',40000.00,17525.00,''),(461,7,'2024-03-11','Customer_430','9800000430','BA',30000.00,36024.00,''),(462,8,'2024-03-12','Customer_431','9800000431','FSD',45000.00,30025.00,''),(463,1,'2024-03-13','Customer_432','9800000432','DS',35000.00,22525.00,''),(464,2,'2024-03-14','Customer_433','9800000433','DA',40000.00,31526.00,''),(465,3,'2024-03-15','Customer_434','9800000434','BA',30000.00,40027.00,''),(466,4,'2024-03-16','Customer_435','9800000435','FSD',45000.00,15028.00,''),(467,5,'2024-03-17','Customer_436','9800000436','DS',35000.00,40527.00,''),(468,6,'2024-03-18','Customer_437','9800000437','DA',40000.00,35028.00,''),(469,7,'2024-03-19','Customer_438','9800000438','BA',30000.00,20028.00,''),(470,8,'2024-03-20','Customer_439','9800000439','FSD',45000.00,27029.00,''),(471,1,'2024-03-21','Customer_440','9800000440','DS',35000.00,45030.00,''),(472,2,'2024-03-22','Customer_441','9800000441','DA',40000.00,17531.00,''),(473,3,'2024-03-23','Customer_442','9800000442','BA',30000.00,36030.00,''),(474,4,'2024-03-24','Customer_443','9800000443','FSD',45000.00,30031.00,''),(475,5,'2024-03-25','Customer_444','9800000444','DS',35000.00,22531.00,''),(476,6,'2024-03-26','Customer_445','9800000445','DA',40000.00,31501.00,''),(477,7,'2024-03-27','Customer_446','9800000446','BA',30000.00,40002.00,''),(478,8,'2024-03-28','Customer_447','9800000447','FSD',45000.00,15003.00,''),(479,1,'2024-03-29','Customer_448','9800000448','DS',35000.00,40502.00,''),(480,2,'2024-03-30','Customer_449','9800000449','DA',40000.00,35003.00,''),(481,3,'2024-03-31','Customer_450','9800000450','BA',30000.00,20003.00,''),(482,4,'2024-04-01','Customer_451','9800000451','FSD',45000.00,27004.00,''),(483,5,'2024-04-02','Customer_452','9800000452','DS',35000.00,45005.00,''),(484,6,'2024-04-03','Customer_453','9800000453','DA',40000.00,17506.00,''),(485,7,'2024-04-04','Customer_454','9800000454','BA',30000.00,36005.00,''),(486,8,'2024-04-05','Customer_455','9800000455','FSD',45000.00,30006.00,''),(487,1,'2024-04-06','Customer_456','9800000456','DS',35000.00,22506.00,''),(488,2,'2024-04-07','Customer_457','9800000457','DA',40000.00,31507.00,''),(489,3,'2024-04-08','Customer_458','9800000458','BA',30000.00,40008.00,''),(490,4,'2024-04-09','Customer_459','9800000459','FSD',45000.00,15009.00,''),(491,5,'2024-04-10','Customer_460','9800000460','DS',35000.00,40508.00,''),(492,6,'2024-04-11','Customer_461','9800000461','DA',40000.00,35009.00,''),(493,7,'2024-04-12','Customer_462','9800000462','BA',30000.00,20009.00,''),(494,8,'2024-04-13','Customer_463','9800000463','FSD',45000.00,27010.00,''),(495,1,'2024-04-14','Customer_464','9800000464','DS',35000.00,45011.00,''),(496,2,'2024-04-15','Customer_465','9800000465','DA',40000.00,17512.00,''),(497,3,'2024-04-16','Customer_466','9800000466','BA',30000.00,36011.00,''),(498,4,'2024-04-17','Customer_467','9800000467','FSD',45000.00,30012.00,''),(499,5,'2024-04-18','Customer_468','9800000468','DS',35000.00,22512.00,''),(500,6,'2024-04-19','Customer_469','9800000469','DA',40000.00,31513.00,''),(501,7,'2024-04-20','Customer_470','9800000470','BA',30000.00,14.00,''),(502,8,'2024-04-21','Customer_471','9800000471','FSD',45000.00,15.00,''),(503,1,'2024-04-22','Customer_472','9800000472','DS',35000.00,14.00,''),(504,2,'2024-04-23','Customer_473','9800000473','DA',40000.00,15.00,''),(505,3,'2024-04-24','Customer_474','9800000474','BA',30000.00,15.00,''),(506,4,'2024-04-25','Customer_475','9800000475','FSD',45000.00,16.00,''),(507,5,'2024-04-26','Customer_476','9800000476','DS',35000.00,17.00,''),(508,6,'2024-04-27','Customer_477','9800000477','DA',40000.00,18.00,''),(509,7,'2024-04-28','Customer_478','9800000478','BA',30000.00,17.00,''),(510,8,'2024-04-29','Customer_479','9800000479','FSD',45000.00,18.00,''),(511,1,'2024-04-30','Customer_480','9800000480','DS',35000.00,18.00,''),(512,2,'2024-05-01','Customer_481','9800000481','DA',40000.00,19.00,''),(513,3,'2024-05-02','Customer_482','9800000482','BA',30000.00,20.00,''),(514,4,'2024-05-03','Customer_483','9800000483','FSD',45000.00,21.00,''),(515,5,'2024-05-04','Customer_484','9800000484','DS',35000.00,20.00,''),(516,6,'2024-05-05','Customer_485','9800000485','DA',40000.00,21.00,''),(517,7,'2024-05-06','Customer_486','9800000486','BA',30000.00,21.00,''),(518,8,'2024-05-07','Customer_487','9800000487','FSD',45000.00,22.00,''),(519,1,'2024-05-08','Customer_488','9800000488','DS',35000.00,23.00,''),(520,2,'2024-05-09','Customer_489','9800000489','DA',40000.00,24.00,''),(521,3,'2024-05-10','Customer_490','9800000490','BA',30000.00,23.00,''),(522,4,'2024-05-11','Customer_491','9800000491','FSD',45000.00,24.00,''),(523,5,'2024-05-12','Customer_492','9800000492','DS',35000.00,24.00,''),(524,6,'2024-05-13','Customer_493','9800000493','DA',40000.00,25.00,''),(525,7,'2024-05-14','Customer_494','9800000494','BA',30000.00,26.00,''),(526,8,'2024-05-15','Customer_495','9800000495','FSD',45000.00,27.00,''),(527,1,'2024-05-16','Customer_496','9800000496','DS',35000.00,26.00,''),(528,2,'2024-05-17','Customer_497','9800000497','DA',40000.00,27.00,''),(529,3,'2024-05-18','Customer_498','9800000498','BA',30000.00,27.00,''),(530,4,'2024-05-19','Customer_499','9800000499','FSD',45000.00,28.00,''),(531,5,'2024-05-20','Customer_500','9800000500','DS',35000.00,29.00,''),(532,6,'2024-05-21','Customer_501','9800000501','DA',40000.00,30.00,''),(533,7,'2024-05-22','Customer_502','9800000502','BA',30000.00,29.00,''),(534,8,'2024-05-23','Customer_503','9800000503','FSD',45000.00,30.00,''),(535,1,'2024-05-24','Customer_504','9800000504','DS',35000.00,30.00,''),(536,2,'2024-05-25','Customer_505','9800000505','DA',40000.00,1.00,''),(537,3,'2024-05-26','Customer_506','9800000506','BA',30000.00,2.00,''),(538,4,'2024-05-27','Customer_507','9800000507','FSD',45000.00,3.00,''),(539,5,'2024-05-28','Customer_508','9800000508','DS',35000.00,2.00,''),(540,6,'2024-05-29','Customer_509','9800000509','DA',40000.00,3.00,''),(541,7,'2024-05-30','Customer_510','9800000510','BA',30000.00,3.00,''),(542,8,'2024-05-31','Customer_511','9800000511','FSD',45000.00,4.00,''),(543,1,'2024-06-01','Customer_512','9800000512','DS',35000.00,5.00,''),(544,2,'2024-06-02','Customer_513','9800000513','DA',40000.00,6.00,''),(545,3,'2024-06-03','Customer_514','9800000514','BA',30000.00,5.00,''),(546,4,'2024-06-04','Customer_515','9800000515','FSD',45000.00,6.00,''),(547,5,'2024-06-05','Customer_516','9800000516','DS',35000.00,6.00,''),(548,6,'2024-06-06','Customer_517','9800000517','DA',40000.00,7.00,''),(549,7,'2024-06-07','Customer_518','9800000518','BA',30000.00,8.00,''),(550,8,'2024-06-08','Customer_519','9800000519','FSD',45000.00,9.00,''),(551,1,'2024-06-09','Customer_520','9800000520','DS',35000.00,8.00,''),(552,2,'2024-06-10','Customer_521','9800000521','DA',40000.00,9.00,''),(553,3,'2024-06-11','Customer_522','9800000522','BA',30000.00,9.00,''),(554,4,'2024-06-12','Customer_523','9800000523','FSD',45000.00,10.00,''),(555,5,'2024-06-13','Customer_524','9800000524','DS',35000.00,11.00,''),(556,6,'2024-06-14','Customer_525','9800000525','DA',40000.00,12.00,''),(557,7,'2024-06-15','Customer_526','9800000526','BA',30000.00,11.00,''),(558,8,'2024-06-16','Customer_527','9800000527','FSD',45000.00,12.00,''),(559,1,'2024-06-17','Customer_528','9800000528','DS',35000.00,12.00,''),(560,2,'2024-06-18','Customer_529','9800000529','DA',40000.00,13.00,''),(561,3,'2024-06-19','Customer_530','9800000530','BA',30000.00,14.00,''),(562,4,'2024-06-20','Customer_531','9800000531','FSD',45000.00,15.00,''),(563,5,'2024-06-21','Customer_532','9800000532','DS',35000.00,14.00,''),(564,6,'2024-06-22','Customer_533','9800000533','DA',40000.00,15.00,''),(565,7,'2024-06-23','Customer_534','9800000534','BA',30000.00,15.00,''),(566,8,'2024-06-24','Customer_535','9800000535','FSD',45000.00,16.00,''),(567,1,'2024-06-25','Customer_536','9800000536','DS',35000.00,17.00,''),(568,2,'2024-06-26','Customer_537','9800000537','DA',40000.00,18.00,''),(569,3,'2024-06-27','Customer_538','9800000538','BA',30000.00,17.00,''),(570,4,'2024-06-28','Customer_539','9800000539','FSD',45000.00,18.00,''),(571,5,'2024-01-01','Customer_540','9800000540','DS',35000.00,18.00,''),(572,6,'2024-01-02','Customer_541','9800000541','DA',40000.00,19.00,''),(573,7,'2024-01-03','Customer_542','9800000542','BA',30000.00,20.00,''),(574,8,'2024-01-04','Customer_543','9800000543','FSD',45000.00,21.00,''),(575,1,'2024-01-05','Customer_544','9800000544','DS',35000.00,20.00,''),(576,2,'2024-01-06','Customer_545','9800000545','DA',40000.00,21.00,''),(577,3,'2024-01-07','Customer_546','9800000546','BA',30000.00,21.00,''),(578,4,'2024-01-08','Customer_547','9800000547','FSD',45000.00,22.00,''),(579,5,'2024-01-09','Customer_548','9800000548','DS',35000.00,23.00,''),(580,6,'2024-01-10','Customer_549','9800000549','DA',40000.00,24.00,''),(581,7,'2024-01-11','Customer_550','9800000550','BA',30000.00,23.00,''),(582,8,'2024-01-12','Customer_551','9800000551','FSD',45000.00,24.00,''),(583,1,'2024-01-13','Customer_552','9800000552','DS',35000.00,24.00,''),(584,2,'2024-01-14','Customer_553','9800000553','DA',40000.00,25.00,''),(585,3,'2024-01-15','Customer_554','9800000554','BA',30000.00,26.00,''),(586,4,'2024-01-16','Customer_555','9800000555','FSD',45000.00,27.00,''),(587,5,'2024-01-17','Customer_556','9800000556','DS',35000.00,26.00,''),(588,6,'2024-01-18','Customer_557','9800000557','DA',40000.00,27.00,''),(589,7,'2024-01-19','Customer_558','9800000558','BA',30000.00,27.00,''),(590,8,'2024-01-20','Customer_559','9800000559','FSD',45000.00,28.00,''),(591,1,'2024-01-21','Customer_560','9800000560','DS',35000.00,29.00,''),(592,2,'2024-01-22','Customer_561','9800000561','DA',40000.00,30.00,''),(593,3,'2024-01-23','Customer_562','9800000562','BA',30000.00,29.00,''),(594,4,'2024-01-24','Customer_563','9800000563','FSD',45000.00,30.00,''),(595,5,'2024-01-25','Customer_564','9800000564','DS',35000.00,30.00,''),(596,6,'2024-01-26','Customer_565','9800000565','DA',40000.00,31.00,''),(597,7,'2024-01-27','Customer_566','9800000566','BA',30000.00,1.00,''),(598,8,'2024-01-28','Customer_567','9800000567','FSD',45000.00,2.00,''),(599,1,'2024-01-29','Customer_568','9800000568','DS',35000.00,3.00,''),(600,2,'2024-01-30','Customer_569','9800000569','DA',40000.00,4.00,''),(601,3,'2024-01-31','Customer_570','9800000570','BA',30000.00,4.00,''),(602,4,'2024-02-01','Customer_571','9800000571','FSD',45000.00,5.00,''),(603,5,'2024-02-02','Customer_572','9800000572','DS',35000.00,6.00,''),(604,6,'2024-02-03','Customer_573','9800000573','DA',40000.00,7.00,''),(605,7,'2024-02-04','Customer_574','9800000574','BA',30000.00,6.00,''),(606,8,'2024-02-05','Customer_575','9800000575','FSD',45000.00,7.00,''),(607,1,'2024-02-06','Customer_576','9800000576','DS',35000.00,7.00,''),(608,2,'2024-02-07','Customer_577','9800000577','DA',40000.00,8.00,''),(609,3,'2024-02-08','Customer_578','9800000578','BA',30000.00,9.00,''),(610,4,'2024-02-09','Customer_579','9800000579','FSD',45000.00,10.00,''),(611,5,'2024-02-10','Customer_580','9800000580','DS',35000.00,9.00,''),(612,6,'2024-02-11','Customer_581','9800000581','DA',40000.00,10.00,''),(613,7,'2024-02-12','Customer_582','9800000582','BA',30000.00,10.00,''),(614,8,'2024-02-13','Customer_583','9800000583','FSD',45000.00,11.00,''),(615,1,'2024-02-14','Customer_584','9800000584','DS',35000.00,12.00,''),(616,2,'2024-02-15','Customer_585','9800000585','DA',40000.00,13.00,''),(617,3,'2024-02-16','Customer_586','9800000586','BA',30000.00,12.00,''),(618,4,'2024-02-17','Customer_587','9800000587','FSD',45000.00,13.00,''),(619,5,'2024-02-18','Customer_588','9800000588','DS',35000.00,13.00,''),(620,6,'2024-02-19','Customer_589','9800000589','DA',40000.00,14.00,''),(621,7,'2024-02-20','Customer_590','9800000590','BA',30000.00,15.00,''),(622,8,'2024-02-21','Customer_591','9800000591','FSD',45000.00,16.00,''),(623,1,'2024-02-22','Customer_592','9800000592','DS',35000.00,15.00,''),(624,2,'2024-02-23','Customer_593','9800000593','DA',40000.00,16.00,''),(625,3,'2024-02-24','Customer_594','9800000594','BA',30000.00,16.00,''),(626,4,'2024-02-25','Customer_595','9800000595','FSD',45000.00,17.00,''),(627,5,'2024-02-26','Customer_596','9800000596','DS',35000.00,18.00,''),(628,6,'2024-02-27','Customer_597','9800000597','DA',40000.00,19.00,''),(629,7,'2024-02-28','Customer_598','9800000598','BA',30000.00,18.00,''),(630,8,'2024-02-29','Customer_599','9800000599','FSD',45000.00,19.00,''),(631,1,'2024-03-01','Customer_600','9800000600','DS',35000.00,19.00,'');
/*!40000 ALTER TABLE `customer_sales` ENABLE KEYS */;
UNLOCK TABLES;

--
-- Table structure for table `payment_splits`
--

DROP TABLE IF EXISTS `payment_splits`;
/*!40101 SET @saved_cs_client     = @@character_set_client */;
/*!50503 SET character_set_client = utf8mb4 */;
CREATE TABLE `payment_splits` (
  `payment_id` int NOT NULL AUTO_INCREMENT,
  `sale_id` int NOT NULL,
  `payment_date` date NOT NULL,
  `amount_paid` decimal(12,2) NOT NULL,
  `payment_method` varchar(50) NOT NULL,
  PRIMARY KEY (`payment_id`),
  KEY `sale_id` (`sale_id`),
  CONSTRAINT `payment_splits_ibfk_1` FOREIGN KEY (`sale_id`) REFERENCES `customer_sales` (`sale_id`)
) ENGINE=InnoDB AUTO_INCREMENT=1024 DEFAULT CHARSET=utf8mb4 COLLATE=utf8mb4_0900_ai_ci;
/*!40101 SET character_set_client = @saved_cs_client */;

--
-- Dumping data for table `payment_splits`
--

LOCK TABLES `payment_splits` WRITE;
/*!40000 ALTER TABLE `payment_splits` DISABLE KEYS */;
INSERT INTO `payment_splits` VALUES (1,2,'0000-00-00',5.00,'12000'),(2,3,'0000-00-00',6.00,'9000'),(3,4,'0000-00-00',7.00,'6000'),(4,5,'0000-00-00',6.00,'27000'),(5,6,'0000-00-00',7.00,'18000'),(6,7,'0000-00-00',7.00,'17500'),(7,8,'0000-00-00',8.00,'16000'),(8,9,'0000-00-00',9.00,'12000'),(9,17,'0000-00-00',12.00,'24000'),(10,18,'0000-00-00',13.00,'16000'),(11,19,'0000-00-00',13.00,'15000'),(12,20,'0000-00-00',14.00,'18000'),(13,21,'0000-00-00',15.00,'13500'),(14,22,'0000-00-00',16.00,'9000'),(15,23,'0000-00-00',15.00,'21000'),(16,24,'0000-00-00',16.00,'14000'),(17,32,'0000-00-00',20.00,'16000'),(18,33,'0000-00-00',21.00,'12000'),(19,34,'0000-00-00',22.00,'8000'),(20,35,'0000-00-00',21.00,'18000'),(21,36,'0000-00-00',22.00,'12000'),(22,37,'0000-00-00',22.00,'22500'),(23,38,'0000-00-00',23.00,'14000'),(24,39,'0000-00-00',24.00,'10500'),(25,40,'0000-00-00',25.00,'7000'),(26,41,'0000-00-00',24.00,'24000'),(27,42,'0000-00-00',25.00,'16000'),(28,43,'0000-00-00',25.00,'15000'),(29,44,'0000-00-00',26.00,'18000'),(30,45,'0000-00-00',27.00,'13500'),(31,46,'0000-00-00',28.00,'9000'),(32,47,'0000-00-00',27.00,'21000'),(33,48,'0000-00-00',28.00,'14000'),(34,49,'0000-00-00',28.00,'20000'),(35,50,'0000-00-00',29.00,'12000'),(36,51,'0000-00-00',30.00,'9000'),(37,52,'0000-00-00',31.00,'6000'),(38,53,'0000-00-00',30.00,'27000'),(39,54,'0000-00-00',31.00,'18000'),(40,55,'0000-00-00',31.00,'17500'),(41,56,'0000-00-00',1.00,'16000'),(42,57,'0000-00-00',2.00,'12000'),(43,58,'0000-00-00',3.00,'8000'),(44,59,'0000-00-00',2.00,'18000'),(45,60,'0000-00-00',3.00,'12000'),(46,61,'0000-00-00',3.00,'22500'),(47,62,'0000-00-00',4.00,'14000'),(48,63,'0000-00-00',5.00,'10500'),(49,64,'0000-00-00',6.00,'7000'),(50,65,'0000-00-00',5.00,'24000'),(51,66,'0000-00-00',6.00,'16000'),(52,67,'0000-00-00',6.00,'15000'),(53,68,'0000-00-00',7.00,'18000'),(54,69,'0000-00-00',8.00,'13500'),(55,70,'0000-00-00',9.00,'9000'),(56,71,'0000-00-00',8.00,'21000'),(57,72,'0000-00-00',9.00,'14000'),(58,73,'0000-00-00',9.00,'20000'),(59,74,'0000-00-00',10.00,'12000'),(60,75,'0000-00-00',11.00,'9000'),(61,76,'0000-00-00',12.00,'6000'),(62,77,'0000-00-00',11.00,'27000'),(63,78,'0000-00-00',12.00,'18000'),(64,79,'0000-00-00',12.00,'17500'),(65,80,'0000-00-00',13.00,'16000'),(66,81,'0000-00-00',14.00,'12000'),(67,82,'0000-00-00',15.00,'8000'),(68,83,'0000-00-00',14.00,'18000'),(69,84,'0000-00-00',15.00,'12000'),(70,85,'0000-00-00',15.00,'22500'),(71,86,'0000-00-00',16.00,'14000'),(72,87,'0000-00-00',17.00,'10500'),(73,88,'0000-00-00',18.00,'7000'),(74,89,'0000-00-00',17.00,'24000'),(75,90,'0000-00-00',18.00,'16000'),(76,91,'0000-00-00',18.00,'15000'),(77,92,'0000-00-00',19.00,'18000'),(78,93,'0000-00-00',20.00,'13500'),(79,94,'0000-00-00',21.00,'9000'),(80,95,'0000-00-00',20.00,'21000'),(81,96,'0000-00-00',21.00,'14000'),(82,97,'0000-00-00',21.00,'20000'),(83,98,'0000-00-00',22.00,'12000'),(84,99,'0000-00-00',23.00,'9000'),(85,100,'0000-00-00',24.00,'6000'),(86,101,'0000-00-00',23.00,'27000'),(87,102,'0000-00-00',24.00,'18000'),(88,103,'0000-00-00',24.00,'17500'),(89,104,'0000-00-00',25.00,'16000'),(90,105,'0000-00-00',26.00,'12000'),(91,106,'0000-00-00',27.00,'8000'),(92,107,'0000-00-00',26.00,'18000'),(93,108,'0000-00-00',27.00,'12000'),(94,109,'0000-00-00',27.00,'22500'),(95,110,'0000-00-00',28.00,'14000'),(96,111,'0000-00-00',29.00,'10500'),(97,112,'0000-00-00',1.00,'7000'),(98,113,'0000-00-00',29.00,'24000'),(99,114,'0000-00-00',1.00,'16000'),(100,115,'0000-00-00',1.00,'15000'),(101,116,'0000-00-00',2.00,'18000'),(102,117,'0000-00-00',3.00,'13500'),(103,118,'0000-00-00',4.00,'9000'),(104,119,'0000-00-00',3.00,'21000'),(105,120,'0000-00-00',4.00,'14000'),(106,121,'0000-00-00',4.00,'20000'),(107,122,'0000-00-00',5.00,'12000'),(108,123,'0000-00-00',6.00,'9000'),(109,124,'0000-00-00',7.00,'6000'),(110,125,'0000-00-00',6.00,'27000'),(111,126,'0000-00-00',7.00,'18000'),(112,127,'0000-00-00',7.00,'17500'),(113,128,'0000-00-00',8.00,'16000'),(114,129,'0000-00-00',9.00,'12000'),(115,130,'0000-00-00',10.00,'8000'),(116,131,'0000-00-00',9.00,'18000'),(117,132,'0000-00-00',10.00,'12000'),(118,133,'0000-00-00',10.00,'22500'),(119,134,'0000-00-00',11.00,'14000'),(120,135,'0000-00-00',12.00,'10500'),(121,136,'0000-00-00',13.00,'7000'),(122,137,'0000-00-00',12.00,'24000'),(123,138,'0000-00-00',13.00,'16000'),(124,139,'0000-00-00',13.00,'15000'),(125,140,'0000-00-00',14.00,'18000'),(126,141,'0000-00-00',15.00,'13500'),(127,142,'0000-00-00',16.00,'9000'),(128,143,'0000-00-00',15.00,'21000'),(129,144,'0000-00-00',16.00,'14000'),(130,145,'0000-00-00',16.00,'20000'),(131,146,'0000-00-00',17.00,'12000'),(132,147,'0000-00-00',18.00,'9000'),(133,148,'0000-00-00',19.00,'6000'),(134,149,'0000-00-00',18.00,'27000'),(135,150,'0000-00-00',19.00,'18000'),(136,151,'0000-00-00',19.00,'17500'),(137,152,'0000-00-00',20.00,'16000'),(138,153,'0000-00-00',21.00,'12000'),(139,154,'0000-00-00',22.00,'8000'),(140,155,'0000-00-00',21.00,'18000'),(141,156,'0000-00-00',22.00,'12000'),(142,157,'0000-00-00',22.00,'22500'),(143,158,'0000-00-00',23.00,'14000'),(144,159,'0000-00-00',24.00,'10500'),(145,160,'0000-00-00',25.00,'7000'),(146,161,'0000-00-00',24.00,'24000'),(147,162,'0000-00-00',25.00,'16000'),(148,163,'0000-00-00',25.00,'15000'),(149,164,'0000-00-00',26.00,'18000'),(150,165,'0000-00-00',27.00,'13500'),(151,166,'0000-00-00',28.00,'9000'),(152,167,'0000-00-00',27.00,'21000'),(153,168,'0000-00-00',28.00,'14000'),(154,169,'0000-00-00',28.00,'20000'),(155,170,'0000-00-00',29.00,'12000'),(156,171,'0000-00-00',30.00,'9000'),(157,172,'0000-00-00',31.00,'6000'),(158,173,'0000-00-00',30.00,'27000'),(159,174,'0000-00-00',31.00,'18000'),(160,175,'0000-00-00',31.00,'17500'),(161,176,'0000-00-00',1.00,'16000'),(162,177,'0000-00-00',2.00,'12000'),(163,178,'0000-00-00',3.00,'8000'),(164,179,'0000-00-00',2.00,'18000'),(165,180,'0000-00-00',3.00,'12000'),(166,181,'0000-00-00',3.00,'22500'),(167,182,'0000-00-00',4.00,'14000'),(168,183,'0000-00-00',5.00,'10500'),(169,184,'0000-00-00',6.00,'7000'),(170,185,'0000-00-00',5.00,'24000'),(171,186,'0000-00-00',6.00,'16000'),(172,187,'0000-00-00',6.00,'15000'),(173,188,'0000-00-00',7.00,'18000'),(174,189,'0000-00-00',8.00,'13500'),(175,190,'0000-00-00',9.00,'9000'),(176,191,'0000-00-00',8.00,'21000'),(177,192,'0000-00-00',9.00,'14000'),(178,193,'0000-00-00',9.00,'20000'),(179,194,'0000-00-00',10.00,'12000'),(180,195,'0000-00-00',11.00,'9000'),(181,196,'0000-00-00',12.00,'6000'),(182,197,'0000-00-00',11.00,'27000'),(183,198,'0000-00-00',12.00,'18000'),(184,199,'0000-00-00',12.00,'17500'),(185,200,'0000-00-00',13.00,'16000'),(186,201,'0000-00-00',14.00,'12000'),(187,202,'0000-00-00',15.00,'8000'),(188,203,'0000-00-00',14.00,'18000'),(189,204,'0000-00-00',15.00,'12000'),(190,205,'0000-00-00',15.00,'22500'),(191,206,'0000-00-00',16.00,'14000'),(192,207,'0000-00-00',17.00,'10500'),(193,208,'0000-00-00',18.00,'7000'),(194,209,'0000-00-00',17.00,'24000'),(195,210,'0000-00-00',18.00,'16000'),(196,211,'0000-00-00',18.00,'15000'),(197,212,'0000-00-00',19.00,'18000'),(198,213,'0000-00-00',20.00,'13500'),(199,214,'0000-00-00',21.00,'9000'),(200,215,'0000-00-00',20.00,'21000'),(201,216,'0000-00-00',21.00,'14000'),(202,217,'0000-00-00',21.00,'20000'),(203,218,'0000-00-00',22.00,'12000'),(204,219,'0000-00-00',23.00,'9000'),(205,220,'0000-00-00',24.00,'6000'),(206,221,'0000-00-00',23.00,'27000'),(207,222,'0000-00-00',24.00,'18000'),(208,223,'0000-00-00',24.00,'17500'),(209,224,'0000-00-00',25.00,'16000'),(210,225,'0000-00-00',26.00,'12000'),(211,226,'0000-00-00',27.00,'8000'),(212,227,'0000-00-00',26.00,'18000'),(213,228,'0000-00-00',27.00,'12000'),(214,229,'0000-00-00',27.00,'22500'),(215,230,'0000-00-00',28.00,'14000'),(216,231,'0000-00-00',29.00,'10500'),(217,232,'0000-00-00',30.00,'7000'),(218,233,'0000-00-00',29.00,'24000'),(219,234,'0000-00-00',30.00,'16000'),(220,235,'0000-00-00',30.00,'15000'),(221,236,'0000-00-00',1.00,'18000'),(222,237,'0000-00-00',2.00,'13500'),(223,238,'0000-00-00',3.00,'9000'),(224,239,'0000-00-00',2.00,'21000'),(225,240,'0000-00-00',3.00,'14000'),(226,241,'0000-00-00',3.00,'20000'),(227,242,'0000-00-00',4.00,'12000'),(228,243,'0000-00-00',5.00,'9000'),(229,244,'0000-00-00',6.00,'6000'),(230,245,'0000-00-00',5.00,'27000'),(231,246,'0000-00-00',6.00,'18000'),(232,247,'0000-00-00',6.00,'17500'),(233,248,'0000-00-00',7.00,'16000'),(234,249,'0000-00-00',8.00,'12000'),(235,250,'0000-00-00',9.00,'8000'),(236,251,'0000-00-00',8.00,'18000'),(237,252,'0000-00-00',9.00,'12000'),(238,253,'0000-00-00',9.00,'22500'),(239,254,'0000-00-00',10.00,'14000'),(240,255,'0000-00-00',11.00,'10500'),(241,256,'0000-00-00',12.00,'7000'),(242,257,'0000-00-00',11.00,'24000'),(243,258,'0000-00-00',12.00,'16000'),(244,259,'0000-00-00',12.00,'15000'),(245,260,'0000-00-00',13.00,'18000'),(246,261,'0000-00-00',14.00,'13500'),(247,262,'0000-00-00',15.00,'9000'),(248,263,'0000-00-00',14.00,'21000'),(249,264,'0000-00-00',15.00,'14000'),(250,265,'0000-00-00',15.00,'20000'),(251,266,'0000-00-00',16.00,'12000'),(252,267,'0000-00-00',17.00,'9000'),(253,268,'0000-00-00',18.00,'6000'),(254,269,'0000-00-00',17.00,'27000'),(255,270,'0000-00-00',18.00,'18000'),(256,271,'0000-00-00',18.00,'17500'),(257,272,'0000-00-00',19.00,'16000'),(258,273,'0000-00-00',20.00,'12000'),(259,274,'0000-00-00',21.00,'8000'),(260,275,'0000-00-00',20.00,'18000'),(261,276,'0000-00-00',21.00,'12000'),(262,277,'0000-00-00',21.00,'22500'),(263,278,'0000-00-00',22.00,'14000'),(264,279,'0000-00-00',23.00,'10500'),(265,280,'0000-00-00',24.00,'7000'),(266,281,'0000-00-00',23.00,'24000'),(267,282,'0000-00-00',24.00,'16000'),(268,283,'0000-00-00',24.00,'15000'),(269,284,'0000-00-00',25.00,'18000'),(270,285,'0000-00-00',26.00,'13500'),(271,286,'0000-00-00',27.00,'9000'),(272,287,'0000-00-00',26.00,'21000'),(273,288,'0000-00-00',27.00,'14000'),(274,289,'0000-00-00',27.00,'20000'),(275,290,'0000-00-00',28.00,'12000'),(276,291,'0000-00-00',29.00,'9000'),(277,292,'0000-00-00',30.00,'6000'),(278,293,'0000-00-00',29.00,'27000'),(279,294,'0000-00-00',30.00,'18000'),(280,295,'0000-00-00',30.00,'17500'),(281,296,'0000-00-00',31.00,'16000'),(282,297,'0000-00-00',1.00,'12000'),(283,298,'0000-00-00',2.00,'8000'),(284,299,'0000-00-00',3.00,'18000'),(285,300,'0000-00-00',4.00,'12000'),(286,301,'0000-00-00',4.00,'22500'),(287,302,'0000-00-00',5.00,'14000'),(288,303,'0000-00-00',6.00,'10500'),(289,304,'0000-00-00',7.00,'7000'),(290,305,'0000-00-00',6.00,'24000'),(291,306,'0000-00-00',7.00,'16000'),(292,307,'0000-00-00',7.00,'15000'),(293,308,'0000-00-00',8.00,'18000'),(294,309,'0000-00-00',9.00,'13500'),(295,310,'0000-00-00',10.00,'9000'),(296,311,'0000-00-00',9.00,'21000'),(297,312,'0000-00-00',10.00,'14000'),(298,313,'0000-00-00',10.00,'20000'),(299,314,'0000-00-00',11.00,'12000'),(300,315,'0000-00-00',12.00,'9000'),(301,316,'0000-00-00',13.00,'6000'),(302,317,'0000-00-00',12.00,'27000'),(303,318,'0000-00-00',13.00,'18000'),(304,319,'0000-00-00',13.00,'17500'),(305,320,'0000-00-00',14.00,'16000'),(306,321,'0000-00-00',15.00,'12000'),(307,322,'0000-00-00',16.00,'8000'),(308,323,'0000-00-00',15.00,'18000'),(309,324,'0000-00-00',16.00,'12000'),(310,325,'0000-00-00',16.00,'22500'),(311,326,'0000-00-00',17.00,'14000'),(312,327,'0000-00-00',18.00,'10500'),(313,328,'0000-00-00',19.00,'7000'),(314,329,'0000-00-00',18.00,'24000'),(315,330,'0000-00-00',19.00,'16000'),(316,331,'0000-00-00',19.00,'15000'),(317,332,'0000-00-00',20.00,'18000'),(318,333,'0000-00-00',21.00,'13500'),(319,334,'0000-00-00',22.00,'9000'),(320,335,'0000-00-00',21.00,'21000'),(321,336,'0000-00-00',22.00,'14000'),(322,337,'0000-00-00',22.00,'20000'),(323,338,'0000-00-00',23.00,'12000'),(324,339,'0000-00-00',24.00,'9000'),(325,340,'0000-00-00',25.00,'6000'),(326,341,'0000-00-00',24.00,'27000'),(327,342,'0000-00-00',25.00,'18000'),(328,343,'0000-00-00',25.00,'17500'),(329,344,'0000-00-00',26.00,'16000'),(330,345,'0000-00-00',27.00,'12000'),(331,346,'0000-00-00',28.00,'8000'),(332,347,'0000-00-00',27.00,'18000'),(333,348,'0000-00-00',28.00,'12000'),(334,349,'0000-00-00',28.00,'22500'),(335,350,'0000-00-00',29.00,'14000'),(336,351,'0000-00-00',30.00,'10500'),(337,352,'0000-00-00',31.00,'7000'),(338,353,'0000-00-00',30.00,'24000'),(339,354,'0000-00-00',31.00,'16000'),(340,355,'0000-00-00',31.00,'15000'),(341,356,'0000-00-00',1.00,'18000'),(342,357,'0000-00-00',2.00,'13500'),(343,358,'0000-00-00',3.00,'9000'),(344,359,'0000-00-00',2.00,'21000'),(345,360,'0000-00-00',3.00,'14000'),(346,361,'0000-00-00',3.00,'20000'),(347,362,'0000-00-00',4.00,'12000'),(348,363,'0000-00-00',5.00,'9000'),(349,364,'0000-00-00',6.00,'6000'),(350,365,'0000-00-00',5.00,'27000'),(351,366,'0000-00-00',6.00,'18000'),(352,367,'0000-00-00',6.00,'17500'),(353,368,'0000-00-00',7.00,'16000'),(354,369,'0000-00-00',8.00,'12000'),(355,370,'0000-00-00',9.00,'8000'),(356,371,'0000-00-00',8.00,'18000'),(357,372,'0000-00-00',9.00,'12000'),(358,373,'0000-00-00',9.00,'22500'),(359,374,'0000-00-00',10.00,'14000'),(360,375,'0000-00-00',11.00,'10500'),(361,376,'0000-00-00',12.00,'7000'),(362,377,'0000-00-00',11.00,'24000'),(363,378,'0000-00-00',12.00,'16000'),(364,379,'0000-00-00',12.00,'15000'),(365,380,'0000-00-00',13.00,'18000'),(366,381,'0000-00-00',14.00,'13500'),(367,382,'0000-00-00',15.00,'9000'),(368,383,'0000-00-00',14.00,'21000'),(369,384,'0000-00-00',15.00,'14000'),(370,385,'0000-00-00',15.00,'20000'),(371,386,'0000-00-00',16.00,'12000'),(372,387,'0000-00-00',17.00,'9000'),(373,388,'0000-00-00',18.00,'6000'),(374,389,'0000-00-00',17.00,'27000'),(375,390,'0000-00-00',18.00,'18000'),(376,391,'0000-00-00',18.00,'17500'),(377,392,'0000-00-00',19.00,'16000'),(378,393,'0000-00-00',20.00,'12000'),(379,394,'0000-00-00',21.00,'8000'),(380,395,'0000-00-00',20.00,'18000'),(381,396,'0000-00-00',21.00,'12000'),(382,397,'0000-00-00',21.00,'22500'),(383,398,'0000-00-00',22.00,'14000'),(384,399,'0000-00-00',23.00,'10500'),(385,400,'0000-00-00',24.00,'7000'),(386,401,'0000-00-00',23.00,'24000'),(387,402,'0000-00-00',24.00,'16000'),(388,403,'0000-00-00',24.00,'15000'),(389,404,'0000-00-00',25.00,'18000'),(390,405,'0000-00-00',26.00,'13500'),(391,406,'0000-00-00',27.00,'9000'),(392,407,'0000-00-00',26.00,'21000'),(393,408,'0000-00-00',27.00,'14000'),(394,409,'0000-00-00',27.00,'20000'),(395,410,'0000-00-00',28.00,'12000'),(396,411,'0000-00-00',29.00,'9000'),(397,412,'0000-00-00',1.00,'6000'),(398,413,'0000-00-00',29.00,'27000'),(399,414,'0000-00-00',1.00,'18000'),(400,415,'0000-00-00',1.00,'17500'),(401,416,'0000-00-00',2.00,'16000'),(402,417,'0000-00-00',3.00,'12000'),(403,418,'0000-00-00',4.00,'8000'),(404,419,'0000-00-00',3.00,'18000'),(405,420,'0000-00-00',4.00,'12000'),(406,421,'0000-00-00',4.00,'22500'),(407,422,'0000-00-00',5.00,'14000'),(408,423,'0000-00-00',6.00,'10500'),(409,424,'0000-00-00',7.00,'7000'),(410,425,'0000-00-00',6.00,'24000'),(411,426,'0000-00-00',7.00,'16000'),(412,427,'0000-00-00',7.00,'15000'),(413,428,'0000-00-00',8.00,'18000'),(414,429,'0000-00-00',9.00,'13500'),(415,430,'0000-00-00',10.00,'9000'),(416,431,'0000-00-00',9.00,'21000'),(417,432,'0000-00-00',10.00,'14000'),(418,433,'0000-00-00',10.00,'20000'),(419,434,'0000-00-00',11.00,'12000'),(420,435,'0000-00-00',12.00,'9000'),(421,436,'0000-00-00',13.00,'6000'),(422,437,'0000-00-00',12.00,'27000'),(423,438,'0000-00-00',13.00,'18000'),(424,439,'0000-00-00',13.00,'17500'),(425,440,'0000-00-00',14.00,'16000'),(426,441,'0000-00-00',15.00,'12000'),(427,442,'0000-00-00',16.00,'8000'),(428,443,'0000-00-00',15.00,'18000'),(429,444,'0000-00-00',16.00,'12000'),(430,445,'0000-00-00',16.00,'22500'),(431,446,'0000-00-00',17.00,'14000'),(432,447,'0000-00-00',18.00,'10500'),(433,448,'0000-00-00',19.00,'7000'),(434,449,'0000-00-00',18.00,'24000'),(435,450,'0000-00-00',19.00,'16000'),(436,451,'0000-00-00',19.00,'15000'),(437,452,'0000-00-00',20.00,'18000'),(438,453,'0000-00-00',21.00,'13500'),(439,454,'0000-00-00',22.00,'9000'),(440,455,'0000-00-00',21.00,'21000'),(441,456,'0000-00-00',22.00,'14000'),(442,457,'0000-00-00',22.00,'20000'),(443,458,'0000-00-00',23.00,'12000'),(444,459,'0000-00-00',24.00,'9000'),(445,460,'0000-00-00',25.00,'6000'),(446,461,'0000-00-00',24.00,'27000'),(447,462,'0000-00-00',25.00,'18000'),(448,463,'0000-00-00',25.00,'17500'),(449,464,'0000-00-00',26.00,'16000'),(450,465,'0000-00-00',27.00,'12000'),(451,466,'0000-00-00',28.00,'8000'),(452,467,'0000-00-00',27.00,'18000'),(453,468,'0000-00-00',28.00,'12000'),(454,469,'0000-00-00',28.00,'22500'),(455,470,'0000-00-00',29.00,'14000'),(456,471,'0000-00-00',30.00,'10500'),(457,472,'0000-00-00',31.00,'7000'),(458,473,'0000-00-00',30.00,'24000'),(459,474,'0000-00-00',31.00,'16000'),(460,475,'0000-00-00',31.00,'15000'),(461,476,'0000-00-00',1.00,'18000'),(462,477,'0000-00-00',2.00,'13500'),(463,478,'0000-00-00',3.00,'9000'),(464,479,'0000-00-00',2.00,'21000'),(465,480,'0000-00-00',3.00,'14000'),(466,481,'0000-00-00',3.00,'20000'),(467,482,'0000-00-00',4.00,'12000'),(468,483,'0000-00-00',5.00,'9000'),(469,484,'0000-00-00',6.00,'6000'),(470,485,'0000-00-00',5.00,'27000'),(471,486,'0000-00-00',6.00,'18000'),(472,487,'0000-00-00',6.00,'17500'),(473,488,'0000-00-00',7.00,'16000'),(474,489,'0000-00-00',8.00,'12000'),(475,490,'0000-00-00',9.00,'8000'),(476,491,'0000-00-00',8.00,'18000'),(477,492,'0000-00-00',9.00,'12000'),(478,493,'0000-00-00',9.00,'22500'),(479,494,'0000-00-00',10.00,'14000'),(480,495,'0000-00-00',11.00,'10500'),(481,496,'0000-00-00',12.00,'7000'),(482,497,'0000-00-00',11.00,'24000'),(483,498,'0000-00-00',12.00,'16000'),(484,499,'0000-00-00',12.00,'15000'),(485,500,'0000-00-00',13.00,'18000'),(486,501,'0000-00-00',14.00,'13500'),(487,502,'0000-00-00',15.00,'9000'),(488,503,'0000-00-00',14.00,'21000'),(489,504,'0000-00-00',15.00,'14000'),(490,505,'0000-00-00',15.00,'20000'),(491,506,'0000-00-00',16.00,'12000'),(492,507,'0000-00-00',17.00,'9000'),(493,508,'0000-00-00',18.00,'6000'),(494,509,'0000-00-00',17.00,'27000'),(495,510,'0000-00-00',18.00,'18000'),(496,511,'0000-00-00',18.00,'17500'),(497,512,'0000-00-00',19.00,'16000'),(498,513,'0000-00-00',20.00,'12000'),(499,514,'0000-00-00',21.00,'8000'),(500,515,'0000-00-00',20.00,'18000'),(501,516,'0000-00-00',21.00,'12000'),(502,517,'0000-00-00',21.00,'22500'),(503,518,'0000-00-00',22.00,'14000'),(504,519,'0000-00-00',23.00,'10500'),(505,520,'0000-00-00',24.00,'7000'),(506,521,'0000-00-00',23.00,'24000'),(507,522,'0000-00-00',24.00,'16000'),(508,523,'0000-00-00',24.00,'15000'),(509,524,'0000-00-00',25.00,'18000'),(510,525,'0000-00-00',26.00,'13500'),(511,526,'0000-00-00',27.00,'9000'),(512,527,'0000-00-00',26.00,'21000'),(513,528,'0000-00-00',27.00,'14000'),(514,529,'0000-00-00',27.00,'20000'),(515,530,'0000-00-00',28.00,'12000'),(516,531,'0000-00-00',29.00,'9000'),(517,532,'0000-00-00',30.00,'6000'),(518,533,'0000-00-00',29.00,'27000'),(519,534,'0000-00-00',30.00,'18000'),(520,535,'0000-00-00',30.00,'17500'),(521,536,'0000-00-00',1.00,'16000'),(522,537,'0000-00-00',2.00,'12000'),(523,538,'0000-00-00',3.00,'8000'),(524,539,'0000-00-00',2.00,'18000'),(525,540,'0000-00-00',3.00,'12000'),(526,541,'0000-00-00',3.00,'22500'),(527,542,'0000-00-00',4.00,'14000'),(528,543,'0000-00-00',5.00,'10500'),(529,544,'0000-00-00',6.00,'7000'),(530,545,'0000-00-00',5.00,'24000'),(531,546,'0000-00-00',6.00,'16000'),(532,547,'0000-00-00',6.00,'15000'),(533,548,'0000-00-00',7.00,'18000'),(534,549,'0000-00-00',8.00,'13500'),(535,550,'0000-00-00',9.00,'9000'),(536,551,'0000-00-00',8.00,'21000'),(537,552,'0000-00-00',9.00,'14000'),(538,553,'0000-00-00',9.00,'20000'),(539,554,'0000-00-00',10.00,'12000'),(540,555,'0000-00-00',11.00,'9000'),(541,556,'0000-00-00',12.00,'6000'),(542,557,'0000-00-00',11.00,'27000'),(543,558,'0000-00-00',12.00,'18000'),(544,559,'0000-00-00',12.00,'17500'),(545,560,'0000-00-00',13.00,'16000'),(546,561,'0000-00-00',14.00,'12000'),(547,562,'0000-00-00',15.00,'8000'),(548,563,'0000-00-00',14.00,'18000'),(549,564,'0000-00-00',15.00,'12000'),(550,565,'0000-00-00',15.00,'22500'),(551,566,'0000-00-00',16.00,'14000'),(552,567,'0000-00-00',17.00,'10500'),(553,568,'0000-00-00',18.00,'7000'),(554,569,'0000-00-00',17.00,'24000'),(555,570,'0000-00-00',18.00,'16000'),(556,571,'0000-00-00',18.00,'15000'),(557,572,'0000-00-00',19.00,'18000'),(558,573,'0000-00-00',20.00,'13500'),(559,574,'0000-00-00',21.00,'9000'),(560,575,'0000-00-00',20.00,'21000'),(561,576,'0000-00-00',21.00,'14000'),(562,577,'0000-00-00',21.00,'20000'),(563,578,'0000-00-00',22.00,'12000'),(564,579,'0000-00-00',23.00,'9000'),(565,580,'0000-00-00',24.00,'6000'),(566,581,'0000-00-00',23.00,'27000'),(567,582,'0000-00-00',24.00,'18000'),(568,583,'0000-00-00',24.00,'17500'),(569,584,'0000-00-00',25.00,'16000'),(570,585,'0000-00-00',26.00,'12000'),(571,586,'0000-00-00',27.00,'8000'),(572,587,'0000-00-00',26.00,'18000'),(573,588,'0000-00-00',27.00,'12000'),(574,589,'0000-00-00',27.00,'22500'),(575,590,'0000-00-00',28.00,'14000'),(576,591,'0000-00-00',29.00,'10500'),(577,592,'0000-00-00',30.00,'7000'),(578,593,'0000-00-00',29.00,'24000'),(579,594,'0000-00-00',30.00,'16000'),(580,595,'0000-00-00',30.00,'15000'),(581,596,'0000-00-00',31.00,'18000'),(582,597,'0000-00-00',1.00,'13500'),(583,598,'0000-00-00',2.00,'9000'),(584,599,'0000-00-00',3.00,'21000'),(585,600,'0000-00-00',4.00,'14000'),(586,601,'0000-00-00',4.00,'20000'),(587,602,'0000-00-00',5.00,'12000'),(588,603,'0000-00-00',6.00,'9000'),(589,604,'0000-00-00',7.00,'6000'),(590,605,'0000-00-00',6.00,'27000'),(591,606,'0000-00-00',7.00,'18000'),(592,607,'0000-00-00',7.00,'17500'),(593,608,'0000-00-00',8.00,'16000'),(594,609,'0000-00-00',9.00,'12000'),(595,610,'0000-00-00',10.00,'8000'),(596,611,'0000-00-00',9.00,'18000'),(597,612,'0000-00-00',10.00,'12000'),(598,613,'0000-00-00',10.00,'22500'),(599,614,'0000-00-00',11.00,'14000'),(600,615,'0000-00-00',12.00,'10500'),(601,616,'0000-00-00',13.00,'7000'),(602,617,'0000-00-00',12.00,'24000'),(603,618,'0000-00-00',13.00,'16000'),(604,619,'0000-00-00',13.00,'15000'),(605,620,'0000-00-00',14.00,'18000'),(606,621,'0000-00-00',15.00,'13500'),(607,622,'0000-00-00',16.00,'9000'),(608,623,'0000-00-00',15.00,'21000'),(609,624,'0000-00-00',16.00,'14000'),(610,625,'0000-00-00',16.00,'20000'),(611,626,'0000-00-00',17.00,'12000'),(612,627,'0000-00-00',18.00,'9000'),(613,628,'0000-00-00',19.00,'6000'),(614,629,'0000-00-00',18.00,'27000'),(615,630,'0000-00-00',19.00,'18000'),(616,631,'0000-00-00',19.00,'17500'),(617,309,'0000-00-00',24000.00,'Cash\r'),(618,309,'0000-00-00',16000.00,'UPI\r'),(619,310,'0000-00-00',15000.00,'UPI\r'),(620,311,'0000-00-00',18000.00,'UPI\r'),(621,311,'0000-00-00',13500.00,'Card\r'),(622,311,'0000-00-00',9000.00,'Card\r'),(623,312,'0000-00-00',21000.00,'UPI\r'),(624,312,'0000-00-00',14000.00,'Card\r'),(625,313,'0000-00-00',20000.00,'UPI\r'),(626,314,'0000-00-00',12000.00,'Cash\r'),(627,314,'0000-00-00',9000.00,'UPI\r'),(628,314,'0000-00-00',6000.00,'UPI\r'),(629,315,'0000-00-00',27000.00,'Cash\r'),(630,315,'0000-00-00',18000.00,'Card\r'),(631,316,'0000-00-00',17500.00,'UPI\r'),(632,317,'0000-00-00',16000.00,'Card\r'),(633,317,'0000-00-00',12000.00,'UPI\r'),(634,317,'0000-00-00',8000.00,'Card\r'),(635,318,'0000-00-00',18000.00,'Card\r'),(636,318,'0000-00-00',12000.00,'UPI\r'),(637,319,'0000-00-00',22500.00,'UPI\r'),(638,320,'0000-00-00',14000.00,'UPI\r'),(639,320,'0000-00-00',10500.00,'Cash\r'),(640,320,'0000-00-00',7000.00,'Cash\r'),(641,321,'0000-00-00',24000.00,'Card\r'),(642,321,'0000-00-00',16000.00,'Cash\r'),(643,322,'0000-00-00',15000.00,'Cash\r'),(644,323,'0000-00-00',18000.00,'Card\r'),(645,323,'0000-00-00',13500.00,'Card\r'),(646,323,'0000-00-00',9000.00,'Card\r'),(647,324,'0000-00-00',21000.00,'Card\r'),(648,324,'0000-00-00',14000.00,'Card\r'),(649,325,'0000-00-00',20000.00,'Card\r'),(650,326,'0000-00-00',12000.00,'UPI\r'),(651,326,'0000-00-00',9000.00,'Cash\r'),(652,326,'0000-00-00',6000.00,'UPI\r'),(653,327,'0000-00-00',27000.00,'Card\r'),(654,327,'0000-00-00',18000.00,'Card\r'),(655,328,'0000-00-00',17500.00,'Card\r'),(656,329,'0000-00-00',16000.00,'Card\r'),(657,329,'0000-00-00',12000.00,'Card\r'),(658,329,'0000-00-00',8000.00,'Card\r'),(659,330,'0000-00-00',18000.00,'Card\r'),(660,330,'0000-00-00',12000.00,'UPI\r'),(661,331,'0000-00-00',22500.00,'UPI\r'),(662,332,'0000-00-00',14000.00,'Cash\r'),(663,332,'0000-00-00',10500.00,'Cash\r'),(664,332,'0000-00-00',7000.00,'UPI\r'),(665,333,'0000-00-00',24000.00,'Cash\r'),(666,333,'0000-00-00',16000.00,'UPI\r'),(667,334,'0000-00-00',15000.00,'Cash\r'),(668,335,'0000-00-00',18000.00,'Card\r'),(669,335,'0000-00-00',13500.00,'Cash\r'),(670,335,'0000-00-00',9000.00,'Card\r'),(671,336,'0000-00-00',21000.00,'Card\r'),(672,336,'0000-00-00',14000.00,'Cash\r'),(673,337,'0000-00-00',20000.00,'Cash\r'),(674,338,'0000-00-00',12000.00,'Cash\r'),(675,338,'0000-00-00',9000.00,'UPI\r'),(676,338,'0000-00-00',6000.00,'UPI\r'),(677,339,'0000-00-00',27000.00,'Cash\r'),(678,339,'0000-00-00',18000.00,'Cash\r'),(679,340,'0000-00-00',17500.00,'Card\r'),(680,341,'0000-00-00',16000.00,'Card\r'),(681,341,'0000-00-00',12000.00,'Cash\r'),(682,341,'0000-00-00',8000.00,'UPI\r'),(683,342,'0000-00-00',18000.00,'Cash\r'),(684,342,'0000-00-00',12000.00,'Card\r'),(685,343,'0000-00-00',22500.00,'UPI\r'),(686,344,'0000-00-00',14000.00,'Cash\r'),(687,344,'0000-00-00',10500.00,'Cash\r'),(688,344,'0000-00-00',7000.00,'Cash\r'),(689,345,'0000-00-00',24000.00,'Cash\r'),(690,345,'0000-00-00',16000.00,'Cash\r'),(691,346,'0000-00-00',15000.00,'Card\r'),(692,347,'0000-00-00',18000.00,'Card\r'),(693,347,'0000-00-00',13500.00,'Card\r'),(694,347,'0000-00-00',9000.00,'Cash\r'),(695,348,'0000-00-00',21000.00,'UPI\r'),(696,348,'0000-00-00',14000.00,'Cash\r'),(697,349,'0000-00-00',20000.00,'Card\r'),(698,350,'0000-00-00',12000.00,'Cash\r'),(699,350,'0000-00-00',9000.00,'Card\r'),(700,350,'0000-00-00',6000.00,'UPI\r'),(701,351,'0000-00-00',27000.00,'Card\r'),(702,351,'0000-00-00',18000.00,'Card\r'),(703,352,'0000-00-00',17500.00,'UPI\r'),(704,353,'0000-00-00',16000.00,'UPI\r'),(705,353,'0000-00-00',12000.00,'UPI\r'),(706,353,'0000-00-00',8000.00,'Card\r'),(707,354,'0000-00-00',18000.00,'UPI\r'),(708,354,'0000-00-00',12000.00,'Cash\r'),(709,355,'0000-00-00',22500.00,'Cash\r'),(710,356,'0000-00-00',14000.00,'Card\r'),(711,356,'0000-00-00',10500.00,'UPI\r'),(712,356,'0000-00-00',7000.00,'Card\r'),(713,357,'0000-00-00',24000.00,'Cash\r'),(714,357,'0000-00-00',16000.00,'UPI\r'),(715,358,'0000-00-00',15000.00,'UPI\r'),(716,359,'0000-00-00',18000.00,'Cash\r'),(717,359,'0000-00-00',13500.00,'Card\r'),(718,359,'0000-00-00',9000.00,'UPI\r'),(719,360,'0000-00-00',21000.00,'Cash\r'),(720,360,'0000-00-00',14000.00,'UPI\r'),(721,361,'0000-00-00',20000.00,'UPI\r'),(722,362,'0000-00-00',12000.00,'Card\r'),(723,362,'0000-00-00',9000.00,'UPI\r'),(724,362,'0000-00-00',6000.00,'Cash\r'),(725,363,'0000-00-00',27000.00,'Cash\r'),(726,363,'0000-00-00',18000.00,'Cash\r'),(727,364,'0000-00-00',17500.00,'Card\r'),(728,365,'0000-00-00',16000.00,'Cash\r'),(729,365,'0000-00-00',12000.00,'Card\r'),(730,365,'0000-00-00',8000.00,'UPI\r'),(731,366,'0000-00-00',18000.00,'UPI\r'),(732,366,'0000-00-00',12000.00,'UPI\r'),(733,367,'0000-00-00',22500.00,'Card\r'),(734,368,'0000-00-00',14000.00,'Card\r'),(735,368,'0000-00-00',10500.00,'UPI\r'),(736,368,'0000-00-00',7000.00,'Card\r'),(737,369,'0000-00-00',24000.00,'UPI\r'),(738,369,'0000-00-00',16000.00,'Card\r'),(739,370,'0000-00-00',15000.00,'UPI\r'),(740,371,'0000-00-00',18000.00,'Card\r'),(741,371,'0000-00-00',13500.00,'Cash\r'),(742,371,'0000-00-00',9000.00,'UPI\r'),(743,372,'0000-00-00',21000.00,'Cash\r'),(744,372,'0000-00-00',14000.00,'UPI\r'),(745,373,'0000-00-00',20000.00,'UPI\r'),(746,374,'0000-00-00',12000.00,'Card\r'),(747,374,'0000-00-00',9000.00,'Card\r'),(748,374,'0000-00-00',6000.00,'Card\r'),(749,375,'0000-00-00',27000.00,'Cash\r'),(750,375,'0000-00-00',18000.00,'Cash\r'),(751,376,'0000-00-00',17500.00,'Card\r'),(752,377,'0000-00-00',16000.00,'Cash\r'),(753,377,'0000-00-00',12000.00,'Card\r'),(754,377,'0000-00-00',8000.00,'Card\r'),(755,378,'0000-00-00',18000.00,'Card\r'),(756,378,'0000-00-00',12000.00,'Cash\r'),(757,379,'0000-00-00',22500.00,'Cash\r'),(758,380,'0000-00-00',14000.00,'Card\r'),(759,380,'0000-00-00',10500.00,'Cash\r'),(760,380,'0000-00-00',7000.00,'Card\r'),(761,381,'0000-00-00',24000.00,'Card\r'),(762,381,'0000-00-00',16000.00,'UPI\r'),(763,382,'0000-00-00',15000.00,'UPI\r'),(764,383,'0000-00-00',18000.00,'UPI\r'),(765,383,'0000-00-00',13500.00,'Card\r'),(766,383,'0000-00-00',9000.00,'Card\r'),(767,384,'0000-00-00',21000.00,'UPI\r'),(768,384,'0000-00-00',14000.00,'UPI\r'),(769,385,'0000-00-00',20000.00,'Cash\r'),(770,386,'0000-00-00',12000.00,'Cash\r'),(771,386,'0000-00-00',9000.00,'UPI\r'),(772,386,'0000-00-00',6000.00,'Card\r'),(773,387,'0000-00-00',27000.00,'UPI\r'),(774,387,'0000-00-00',18000.00,'UPI\r'),(775,388,'0000-00-00',17500.00,'Cash\r'),(776,389,'0000-00-00',16000.00,'Card\r'),(777,389,'0000-00-00',12000.00,'UPI\r'),(778,389,'0000-00-00',8000.00,'Cash\r'),(779,390,'0000-00-00',18000.00,'Card\r'),(780,390,'0000-00-00',12000.00,'Cash\r'),(781,391,'0000-00-00',22500.00,'Card\r'),(782,392,'0000-00-00',14000.00,'Cash\r'),(783,392,'0000-00-00',10500.00,'UPI\r'),(784,392,'0000-00-00',7000.00,'UPI\r'),(785,393,'0000-00-00',24000.00,'Cash\r'),(786,393,'0000-00-00',16000.00,'Cash\r'),(787,394,'0000-00-00',15000.00,'UPI\r'),(788,395,'0000-00-00',18000.00,'Cash\r'),(789,395,'0000-00-00',13500.00,'UPI\r'),(790,395,'0000-00-00',9000.00,'Card\r'),(791,396,'0000-00-00',21000.00,'UPI\r'),(792,396,'0000-00-00',14000.00,'Card\r'),(793,397,'0000-00-00',20000.00,'UPI\r'),(794,398,'0000-00-00',12000.00,'Card\r'),(795,398,'0000-00-00',9000.00,'UPI\r'),(796,398,'0000-00-00',6000.00,'Card\r'),(797,399,'0000-00-00',27000.00,'Cash\r'),(798,399,'0000-00-00',18000.00,'UPI\r'),(799,400,'0000-00-00',17500.00,'Cash\r'),(800,401,'0000-00-00',16000.00,'UPI\r'),(801,401,'0000-00-00',12000.00,'Card\r'),(802,401,'0000-00-00',8000.00,'UPI\r'),(803,402,'0000-00-00',18000.00,'Card\r'),(804,402,'0000-00-00',12000.00,'Card\r'),(805,403,'0000-00-00',22500.00,'Card\r'),(806,404,'0000-00-00',14000.00,'Card\r'),(807,404,'0000-00-00',10500.00,'UPI\r'),(808,404,'0000-00-00',7000.00,'Card\r'),(809,405,'0000-00-00',24000.00,'UPI\r'),(810,405,'0000-00-00',16000.00,'UPI\r'),(811,406,'0000-00-00',15000.00,'UPI\r'),(812,407,'0000-00-00',18000.00,'UPI\r'),(813,407,'0000-00-00',13500.00,'Cash\r'),(814,407,'0000-00-00',9000.00,'Card\r'),(815,408,'0000-00-00',21000.00,'Card\r'),(816,408,'0000-00-00',14000.00,'UPI\r'),(817,409,'0000-00-00',20000.00,'UPI\r'),(818,410,'0000-00-00',12000.00,'Card\r'),(819,410,'0000-00-00',9000.00,'Cash\r'),(820,410,'0000-00-00',6000.00,'Card\r'),(821,411,'0000-00-00',27000.00,'Card\r'),(822,411,'0000-00-00',18000.00,'UPI\r'),(823,412,'0000-00-00',17500.00,'Cash\r'),(824,413,'0000-00-00',16000.00,'Card\r'),(825,413,'0000-00-00',12000.00,'Cash\r'),(826,413,'0000-00-00',8000.00,'Cash\r'),(827,414,'0000-00-00',18000.00,'UPI\r'),(828,414,'0000-00-00',12000.00,'Cash\r'),(829,415,'0000-00-00',22500.00,'UPI\r'),(830,416,'0000-00-00',14000.00,'UPI\r'),(831,416,'0000-00-00',10500.00,'Cash\r'),(832,416,'0000-00-00',7000.00,'UPI\r'),(833,417,'0000-00-00',24000.00,'Card\r'),(834,417,'0000-00-00',16000.00,'Card\r'),(835,418,'0000-00-00',15000.00,'UPI\r'),(836,419,'0000-00-00',18000.00,'Cash\r'),(837,419,'0000-00-00',13500.00,'Cash\r'),(838,419,'0000-00-00',9000.00,'Cash\r'),(839,420,'0000-00-00',21000.00,'UPI\r'),(840,420,'0000-00-00',14000.00,'Cash\r'),(841,421,'0000-00-00',20000.00,'UPI\r'),(842,422,'0000-00-00',12000.00,'Card\r'),(843,422,'0000-00-00',9000.00,'Card\r'),(844,422,'0000-00-00',6000.00,'UPI\r'),(845,423,'0000-00-00',27000.00,'UPI\r'),(846,423,'0000-00-00',18000.00,'Cash\r'),(847,424,'0000-00-00',17500.00,'Card\r'),(848,425,'0000-00-00',16000.00,'Cash\r'),(849,425,'0000-00-00',12000.00,'Card\r'),(850,425,'0000-00-00',8000.00,'UPI\r'),(851,426,'0000-00-00',18000.00,'Card\r'),(852,426,'0000-00-00',12000.00,'Cash\r'),(853,427,'0000-00-00',22500.00,'UPI\r'),(854,428,'0000-00-00',14000.00,'UPI\r'),(855,428,'0000-00-00',10500.00,'UPI\r'),(856,428,'0000-00-00',7000.00,'Card\r'),(857,429,'0000-00-00',24000.00,'Cash\r'),(858,429,'0000-00-00',16000.00,'Cash\r'),(859,430,'0000-00-00',15000.00,'UPI\r'),(860,431,'0000-00-00',18000.00,'Card\r'),(861,431,'0000-00-00',13500.00,'UPI\r'),(862,431,'0000-00-00',9000.00,'UPI\r'),(863,432,'0000-00-00',21000.00,'Card\r'),(864,432,'0000-00-00',14000.00,'UPI\r'),(865,433,'0000-00-00',20000.00,'Card\r'),(866,434,'0000-00-00',12000.00,'Card\r'),(867,434,'0000-00-00',9000.00,'UPI\r'),(868,434,'0000-00-00',6000.00,'Cash\r'),(869,435,'0000-00-00',27000.00,'UPI\r'),(870,435,'0000-00-00',18000.00,'UPI\r'),(871,436,'0000-00-00',17500.00,'Card\r'),(872,437,'0000-00-00',16000.00,'Card\r'),(873,437,'0000-00-00',12000.00,'Cash\r'),(874,437,'0000-00-00',8000.00,'Card\r'),(875,438,'0000-00-00',18000.00,'Cash\r'),(876,438,'0000-00-00',12000.00,'Card\r'),(877,439,'0000-00-00',22500.00,'Card\r'),(878,440,'0000-00-00',14000.00,'Card\r'),(879,440,'0000-00-00',10500.00,'Card\r'),(880,440,'0000-00-00',7000.00,'Card\r'),(881,441,'0000-00-00',24000.00,'Cash\r'),(882,441,'0000-00-00',16000.00,'UPI\r'),(883,442,'0000-00-00',15000.00,'Cash\r'),(884,443,'0000-00-00',18000.00,'Card\r'),(885,443,'0000-00-00',13500.00,'UPI\r'),(886,443,'0000-00-00',9000.00,'UPI\r'),(887,444,'0000-00-00',21000.00,'Cash\r'),(888,444,'0000-00-00',14000.00,'UPI\r'),(889,445,'0000-00-00',20000.00,'Card\r'),(890,446,'0000-00-00',12000.00,'Cash\r'),(891,446,'0000-00-00',9000.00,'UPI\r'),(892,446,'0000-00-00',6000.00,'Cash\r'),(893,447,'0000-00-00',27000.00,'Cash\r'),(894,447,'0000-00-00',18000.00,'UPI\r'),(895,448,'0000-00-00',17500.00,'Card\r'),(896,449,'0000-00-00',16000.00,'Card\r'),(897,449,'0000-00-00',12000.00,'Card\r'),(898,449,'0000-00-00',8000.00,'UPI\r'),(899,450,'0000-00-00',18000.00,'Card\r'),(900,450,'0000-00-00',12000.00,'Card\r'),(901,451,'0000-00-00',22500.00,'Card\r'),(902,452,'0000-00-00',14000.00,'UPI\r'),(903,452,'0000-00-00',10500.00,'Card\r'),(904,452,'0000-00-00',7000.00,'Card\r'),(905,453,'0000-00-00',24000.00,'Card\r'),(906,453,'0000-00-00',16000.00,'Card\r'),(907,454,'0000-00-00',15000.00,'Card\r'),(908,455,'0000-00-00',18000.00,'Cash\r'),(909,455,'0000-00-00',13500.00,'Card\r'),(910,455,'0000-00-00',9000.00,'Card\r'),(911,456,'0000-00-00',21000.00,'Cash\r'),(912,456,'0000-00-00',14000.00,'UPI\r'),(913,457,'0000-00-00',20000.00,'UPI\r'),(914,458,'0000-00-00',12000.00,'UPI\r'),(915,458,'0000-00-00',9000.00,'Cash\r'),(916,458,'0000-00-00',6000.00,'UPI\r'),(917,459,'0000-00-00',27000.00,'Cash\r'),(918,459,'0000-00-00',18000.00,'Card\r'),(919,460,'0000-00-00',17500.00,'Cash\r'),(920,461,'0000-00-00',16000.00,'Card\r'),(921,461,'0000-00-00',12000.00,'Card\r'),(922,461,'0000-00-00',8000.00,'Cash\r'),(923,462,'0000-00-00',18000.00,'Cash\r'),(924,462,'0000-00-00',12000.00,'Cash\r'),(925,463,'0000-00-00',22500.00,'UPI\r'),(926,464,'0000-00-00',14000.00,'Cash\r'),(927,464,'0000-00-00',10500.00,'UPI\r'),(928,464,'0000-00-00',7000.00,'Cash\r'),(929,465,'0000-00-00',24000.00,'Cash\r'),(930,465,'0000-00-00',16000.00,'UPI\r'),(931,466,'0000-00-00',15000.00,'Cash\r'),(932,467,'0000-00-00',18000.00,'Cash\r'),(933,467,'0000-00-00',13500.00,'Card\r'),(934,467,'0000-00-00',9000.00,'Card\r'),(935,468,'0000-00-00',21000.00,'Cash\r'),(936,468,'0000-00-00',14000.00,'Card\r'),(937,469,'0000-00-00',20000.00,'Card\r'),(938,470,'0000-00-00',12000.00,'Cash\r'),(939,470,'0000-00-00',9000.00,'UPI\r'),(940,470,'0000-00-00',6000.00,'UPI\r'),(941,471,'0000-00-00',27000.00,'Card\r'),(942,471,'0000-00-00',18000.00,'UPI\r'),(943,472,'0000-00-00',17500.00,'Card\r'),(944,473,'0000-00-00',16000.00,'Cash\r'),(945,473,'0000-00-00',12000.00,'Card\r'),(946,473,'0000-00-00',8000.00,'Cash\r'),(947,474,'0000-00-00',18000.00,'UPI\r'),(948,474,'0000-00-00',12000.00,'Cash\r'),(949,475,'0000-00-00',22500.00,'Card\r'),(950,476,'0000-00-00',14000.00,'Card\r'),(951,476,'0000-00-00',10500.00,'Card\r'),(952,476,'0000-00-00',7000.00,'Cash\r'),(953,477,'0000-00-00',24000.00,'Card\r'),(954,477,'0000-00-00',16000.00,'Cash\r'),(955,478,'0000-00-00',15000.00,'UPI\r'),(956,479,'0000-00-00',18000.00,'Card\r'),(957,479,'0000-00-00',13500.00,'Cash\r'),(958,479,'0000-00-00',9000.00,'Cash\r'),(959,480,'0000-00-00',21000.00,'UPI\r'),(960,480,'0000-00-00',14000.00,'Cash\r'),(961,481,'0000-00-00',20000.00,'UPI\r'),(962,482,'0000-00-00',12000.00,'Cash\r'),(963,482,'0000-00-00',9000.00,'UPI\r'),(964,482,'0000-00-00',6000.00,'Cash\r'),(965,483,'0000-00-00',27000.00,'Card\r'),(966,483,'0000-00-00',18000.00,'Card\r'),(967,484,'0000-00-00',17500.00,'Card\r'),(968,485,'0000-00-00',16000.00,'Cash\r'),(969,485,'0000-00-00',12000.00,'Cash\r'),(970,485,'0000-00-00',8000.00,'Cash\r'),(971,486,'0000-00-00',18000.00,'Cash\r'),(972,486,'0000-00-00',12000.00,'Card\r'),(973,487,'0000-00-00',22500.00,'Cash\r'),(974,488,'0000-00-00',14000.00,'Card\r'),(975,488,'0000-00-00',10500.00,'UPI\r'),(976,488,'0000-00-00',7000.00,'Cash\r'),(977,489,'0000-00-00',24000.00,'Card\r'),(978,489,'0000-00-00',16000.00,'UPI\r'),(979,490,'0000-00-00',15000.00,'UPI\r'),(980,491,'0000-00-00',18000.00,'Card\r'),(981,491,'0000-00-00',13500.00,'UPI\r'),(982,491,'0000-00-00',9000.00,'Card\r'),(983,492,'0000-00-00',21000.00,'Cash\r'),(984,492,'0000-00-00',14000.00,'Cash\r'),(985,493,'0000-00-00',20000.00,'UPI\r'),(986,494,'0000-00-00',12000.00,'Cash\r'),(987,494,'0000-00-00',9000.00,'UPI\r'),(988,494,'0000-00-00',6000.00,'Cash\r'),(989,495,'0000-00-00',27000.00,'UPI\r'),(990,495,'0000-00-00',18000.00,'UPI\r'),(991,496,'0000-00-00',17500.00,'Cash\r'),(992,497,'0000-00-00',16000.00,'Cash\r'),(993,497,'0000-00-00',12000.00,'Cash\r'),(994,497,'0000-00-00',8000.00,'Card\r'),(995,498,'0000-00-00',18000.00,'Cash\r'),(996,498,'0000-00-00',12000.00,'Cash\r'),(997,499,'0000-00-00',22500.00,'Card\r'),(998,500,'0000-00-00',14000.00,'Card\r'),(999,500,'0000-00-00',10500.00,'Card\r'),(1000,500,'0000-00-00',7000.00,'Card\r');
/*!40000 ALTER TABLE `payment_splits` ENABLE KEYS */;
UNLOCK TABLES;

--
-- Table structure for table `users`
--

DROP TABLE IF EXISTS `users`;
/*!40101 SET @saved_cs_client     = @@character_set_client */;
/*!50503 SET character_set_client = utf8mb4 */;
CREATE TABLE `users` (
  `user_id` int NOT NULL AUTO_INCREMENT,
  `username` varchar(100) NOT NULL,
  `password` varchar(255) NOT NULL,
  `branch_id` int DEFAULT NULL,
  `role` enum('Super Admin','Admin') NOT NULL,
  `email` varchar(255) NOT NULL,
  PRIMARY KEY (`user_id`),
  UNIQUE KEY `email` (`email`),
  KEY `branch_id` (`branch_id`),
  CONSTRAINT `users_ibfk_1` FOREIGN KEY (`branch_id`) REFERENCES `branches` (`branch_id`)
) ENGINE=InnoDB AUTO_INCREMENT=20 DEFAULT CHARSET=utf8mb4 COLLATE=utf8mb4_0900_ai_ci;
/*!40101 SET character_set_client = @saved_cs_client */;

--
-- Dumping data for table `users`
--

LOCK TABLES `users` WRITE;
/*!40000 ALTER TABLE `users` DISABLE KEYS */;
INSERT INTO `users` VALUES (1,'admin_chennai','admin123',1,'Admin','chennai@company.com'),(2,'admin_bangalore','admin123',2,'Admin','bangalore@company.com'),(3,'admin_hyderabad','admin123',3,'Admin','hyderabad@company.com'),(4,'admin_delhi','admin123',4,'Admin','delhi@company.com'),(5,'admin_mumbai','admin123',5,'Admin','mumbai@company.com'),(6,'admin_pune','admin123',6,'Admin','pune@company.com'),(7,'admin_kolkata','admin123',7,'Admin','kolkata@company.com'),(8,'admin_ahmedabad','admin123',8,'Admin','ahmedabad@company.com'),(17,'superadmin','super123',NULL,'Super Admin','superadmin@company.com');
/*!40000 ALTER TABLE `users` ENABLE KEYS */;
UNLOCK TABLES;

--
-- Dumping routines for database 'sales_hub'
--
/*!40103 SET TIME_ZONE=@OLD_TIME_ZONE */;

/*!40101 SET SQL_MODE=@OLD_SQL_MODE */;
/*!40014 SET FOREIGN_KEY_CHECKS=@OLD_FOREIGN_KEY_CHECKS */;
/*!40014 SET UNIQUE_CHECKS=@OLD_UNIQUE_CHECKS */;
/*!40101 SET CHARACTER_SET_CLIENT=@OLD_CHARACTER_SET_CLIENT */;
/*!40101 SET CHARACTER_SET_RESULTS=@OLD_CHARACTER_SET_RESULTS */;
/*!40101 SET COLLATION_CONNECTION=@OLD_COLLATION_CONNECTION */;
/*!40111 SET SQL_NOTES=@OLD_SQL_NOTES */;

-- Dump completed on 2026-03-23 11:59:49
