sale_id,branch_id,date,name,mobile_number,product_name,gross_sales,status,pending_amount,received_amount
1,2.0,02-01-2024,Customer_1,9800000001,DA,40000.0,Open,19976.0,20024.0
2,3.0,03-01-2024,Customer_2,9800000002,BA,30000.0,Open,3000.0,27000.0
3,4.0,04-01-2024,Customer_3,9800000003,FSD,45000.0,Open,0.0,45000.0
4,5.0,05-01-2024,Customer_4,9800000004,DS,35000.0,Open,17500.0,17500.0
5,6.0,06-01-2024,Customer_5,9800000005,DA,40000.0,Open,4000.0,36000.0
6,7.0,07-01-2024,Customer_6,9800000006,BA,30000.0,Open,0.0,30000.0
7,8.0,08-01-2024,Customer_7,9800000007,FSD,45000.0,Open,22500.0,22500.0
8,1.0,09-01-2024,Customer_8,9800000008,DS,35000.0,Open,3484.0,31516.0
9,2.0,10-01-2024,Customer_9,9800000009,DA,40000.0,Open,0.0,40000.0
10,3.0,11-01-2024,Customer_10,9800000010,BA,30000.0,Open,15000.0,15000.0
11,4.0,12-01-2024,Customer_11,9800000011,FSD,45000.0,Open,4500.0,40500.0
12,5.0,13-01-2024,Customer_12,9800000012,DS,35000.0,Open,0.0,35000.0
13,6.0,14-01-2024,Customer_13,9800000013,DA,40000.0,Open,20000.0,20000.0
14,7.0,15-01-2024,Customer_14,9800000014,BA,30000.0,Open,3000.0,27000.0
15,8.0,16-01-2024,Customer_15,9800000015,FSD,45000.0,Open,0.0,45000.0
16,1.0,17-01-2024,Customer_16,9800000016,DS,35000.0,Open,17500.0,17500.0
17,2.0,18-01-2024,Customer_17,9800000017,DA,40000.0,Open,4000.0,36000.0
18,3.0,19-01-2024,Customer_18,9800000018,BA,30000.0,Open,0.0,30000.0
19,4.0,20-01-2024,Customer_19,9800000019,FSD,45000.0,Open,22500.0,22500.0
20,5.0,21-01-2024,Customer_20,9800000020,DS,35000.0,Open,3500.0,31500.0
21,6.0,22-01-2024,Customer_21,9800000021,DA,40000.0,Open,0.0,40000.0
22,7.0,23-01-2024,Customer_22,9800000022,BA,30000.0,Open,15000.0,15000.0
23,8.0,24-01-2024,Customer_23,9800000023,FSD,45000.0,Open,4500.0,40500.0
24,1.0,25-01-2024,Customer_24,9800000024,DS,35000.0,Open,0.0,35000.0
25,2.0,26-01-2024,Customer_25,9800000025,DA,40000.0,Open,20000.0,20000.0
26,3.0,27-01-2024,Customer_26,9800000026,BA,30000.0,Open,3000.0,27000.0
27,4.0,28-01-2024,Customer_27,9800000027,FSD,45000.0,Open,0.0,45000.0
28,5.0,29-01-2024,Customer_28,9800000028,DS,35000.0,Open,17500.0,17500.0
29,6.0,30-01-2024,Customer_29,9800000029,DA,40000.0,Open,4000.0,36000.0
30,7.0,31-01-2024,Customer_30,9800000030,BA,30000.0,Open,0.0,30000.0
31,8.0,01-02-2024,Customer_31,9800000031,FSD,45000.0,Open,22500.0,22500.0
32,1.0,02-02-2024,Customer_32,9800000032,DS,35000.0,Open,3500.0,31500.0
33,2.0,03-02-2024,Customer_33,9800000033,DA,40000.0,Open,0.0,40000.0
34,3.0,04-02-2024,Customer_34,9800000034,BA,30000.0,Open,15000.0,15000.0
35,4.0,05-02-2024,Customer_35,9800000035,FSD,45000.0,Open,4500.0,40500.0
36,5.0,06-02-2024,Customer_36,9800000036,DS,35000.0,Open,0.0,35000.0
37,6.0,07-02-2024,Customer_37,9800000037,DA,40000.0,Open,20000.0,20000.0
38,7.0,08-02-2024,Customer_38,9800000038,BA,30000.0,Open,3000.0,27000.0
39,8.0,09-02-2024,Customer_39,9800000039,FSD,45000.0,Open,0.0,45000.0
40,1.0,10-02-2024,Customer_40,9800000040,DS,35000.0,Open,17500.0,17500.0
41,2.0,11-02-2024,Customer_41,9800000041,DA,40000.0,Open,4000.0,36000.0
42,3.0,12-02-2024,Customer_42,9800000042,BA,30000.0,Open,0.0,30000.0
43,4.0,13-02-2024,Customer_43,9800000043,FSD,45000.0,Open,22500.0,22500.0
44,5.0,14-02-2024,Customer_44,9800000044,DS,35000.0,Open,3500.0,31500.0
45,6.0,15-02-2024,Customer_45,9800000045,DA,40000.0,Open,0.0,40000.0
46,7.0,16-02-2024,Customer_46,9800000046,BA,30000.0,Open,15000.0,15000.0
47,8.0,17-02-2024,Customer_47,9800000047,FSD,45000.0,Open,4500.0,40500.0
48,1.0,18-02-2024,Customer_48,9800000048,DS,35000.0,Open,0.0,35000.0
49,2.0,19-02-2024,Customer_49,9800000049,DA,40000.0,Open,20000.0,20000.0
50,3.0,20-02-2024,Customer_50,9800000050,BA,30000.0,Open,3000.0,27000.0
51,4.0,21-02-2024,Customer_51,9800000051,FSD,45000.0,Open,0.0,45000.0
52,5.0,22-02-2024,Customer_52,9800000052,DS,35000.0,Open,17500.0,17500.0
53,6.0,23-02-2024,Customer_53,9800000053,DA,40000.0,Open,4000.0,36000.0
54,7.0,24-02-2024,Customer_54,9800000054,BA,30000.0,Open,0.0,30000.0
55,8.0,25-02-2024,Customer_55,9800000055,FSD,45000.0,Open,22500.0,22500.0
56,1.0,26-02-2024,Customer_56,9800000056,DS,35000.0,Open,3500.0,31500.0
57,2.0,27-02-2024,Customer_57,9800000057,DA,40000.0,Open,0.0,40000.0
58,3.0,28-02-2024,Customer_58,9800000058,BA,30000.0,Open,15000.0,15000.0
59,4.0,29-02-2024,Customer_59,9800000059,FSD,45000.0,Open,4500.0,40500.0
60,5.0,01-03-2024,Customer_60,9800000060,DS,35000.0,Open,0.0,35000.0
61,6.0,02-03-2024,Customer_61,9800000061,DA,40000.0,Open,20000.0,20000.0
62,7.0,03-03-2024,Customer_62,9800000062,BA,30000.0,Open,3000.0,27000.0
63,8.0,04-03-2024,Customer_63,9800000063,FSD,45000.0,Open,0.0,45000.0
64,1.0,05-03-2024,Customer_64,9800000064,DS,35000.0,Open,17500.0,17500.0
65,2.0,06-03-2024,Customer_65,9800000065,DA,40000.0,Open,4000.0,36000.0
66,3.0,07-03-2024,Customer_66,9800000066,BA,30000.0,Open,0.0,30000.0
67,4.0,08-03-2024,Customer_67,9800000067,FSD,45000.0,Open,22500.0,22500.0
68,5.0,09-03-2024,Customer_68,9800000068,DS,35000.0,Open,3500.0,31500.0
69,6.0,10-03-2024,Customer_69,9800000069,DA,40000.0,Open,0.0,40000.0
70,7.0,11-03-2024,Customer_70,9800000070,BA,30000.0,Open,15000.0,15000.0
71,8.0,12-03-2024,Customer_71,9800000071,FSD,45000.0,Open,4500.0,40500.0
72,1.0,13-03-2024,Customer_72,9800000072,DS,35000.0,Open,0.0,35000.0
73,2.0,14-03-2024,Customer_73,9800000073,DA,40000.0,Open,20000.0,20000.0
74,3.0,15-03-2024,Customer_74,9800000074,BA,30000.0,Open,3000.0,27000.0
75,4.0,16-03-2024,Customer_75,9800000075,FSD,45000.0,Open,0.0,45000.0
76,5.0,17-03-2024,Customer_76,9800000076,DS,35000.0,Open,17500.0,17500.0
77,6.0,18-03-2024,Customer_77,9800000077,DA,40000.0,Open,4000.0,36000.0
78,7.0,19-03-2024,Customer_78,9800000078,BA,30000.0,Open,0.0,30000.0
79,8.0,20-03-2024,Customer_79,9800000079,FSD,45000.0,Open,22500.0,22500.0
80,1.0,21-03-2024,Customer_80,9800000080,DS,35000.0,Open,3500.0,31500.0
81,2.0,22-03-2024,Customer_81,9800000081,DA,40000.0,Open,0.0,40000.0
82,3.0,23-03-2024,Customer_82,9800000082,BA,30000.0,Open,15000.0,15000.0
83,4.0,24-03-2024,Customer_83,9800000083,FSD,45000.0,Open,4500.0,40500.0
84,5.0,25-03-2024,Customer_84,9800000084,DS,35000.0,Open,0.0,35000.0
85,6.0,26-03-2024,Customer_85,9800000085,DA,40000.0,Open,20000.0,20000.0
86,7.0,27-03-2024,Customer_86,9800000086,BA,30000.0,Open,3000.0,27000.0
87,8.0,28-03-2024,Customer_87,9800000087,FSD,45000.0,Open,0.0,45000.0
88,1.0,29-03-2024,Customer_88,9800000088,DS,35000.0,Open,17500.0,17500.0
89,2.0,30-03-2024,Customer_89,9800000089,DA,40000.0,Open,4000.0,36000.0
90,3.0,31-03-2024,Customer_90,9800000090,BA,30000.0,Open,0.0,30000.0
91,4.0,01-04-2024,Customer_91,9800000091,FSD,45000.0,Open,22500.0,22500.0
92,5.0,02-04-2024,Customer_92,9800000092,DS,35000.0,Open,3500.0,31500.0
93,6.0,03-04-2024,Customer_93,9800000093,DA,40000.0,Open,0.0,40000.0
94,7.0,04-04-2024,Customer_94,9800000094,BA,30000.0,Open,15000.0,15000.0
95,8.0,05-04-2024,Customer_95,9800000095,FSD,45000.0,Open,4500.0,40500.0
96,1.0,06-04-2024,Customer_96,9800000096,DS,35000.0,Open,0.0,35000.0
97,2.0,07-04-2024,Customer_97,9800000097,DA,40000.0,Open,20000.0,20000.0
98,3.0,08-04-2024,Customer_98,9800000098,BA,30000.0,Open,3000.0,27000.0
99,4.0,09-04-2024,Customer_99,9800000099,FSD,45000.0,Open,0.0,45000.0
100,5.0,10-04-2024,Customer_100,9800000100,DS,35000.0,Open,17500.0,17500.0
101,6.0,11-04-2024,Customer_101,9800000101,DA,40000.0,Open,4000.0,36000.0
102,7.0,12-04-2024,Customer_102,9800000102,BA,30000.0,Open,0.0,30000.0
103,8.0,13-04-2024,Customer_103,9800000103,FSD,45000.0,Open,22500.0,22500.0
104,1.0,14-04-2024,Customer_104,9800000104,DS,35000.0,Open,3500.0,31500.0
105,2.0,15-04-2024,Customer_105,9800000105,DA,40000.0,Open,0.0,40000.0
106,3.0,16-04-2024,Customer_106,9800000106,BA,30000.0,Open,15000.0,15000.0
107,4.0,17-04-2024,Customer_107,9800000107,FSD,45000.0,Open,4500.0,40500.0
108,5.0,18-04-2024,Customer_108,9800000108,DS,35000.0,Open,0.0,35000.0
109,6.0,19-04-2024,Customer_109,9800000109,DA,40000.0,Open,20000.0,20000.0
110,7.0,20-04-2024,Customer_110,9800000110,BA,30000.0,Open,3000.0,27000.0
111,8.0,21-04-2024,Customer_111,9800000111,FSD,45000.0,Open,0.0,45000.0
112,1.0,22-04-2024,Customer_112,9800000112,DS,35000.0,Open,17500.0,17500.0
113,2.0,23-04-2024,Customer_113,9800000113,DA,40000.0,Open,4000.0,36000.0
114,3.0,24-04-2024,Customer_114,9800000114,BA,30000.0,Open,0.0,30000.0
115,4.0,25-04-2024,Customer_115,9800000115,FSD,45000.0,Open,22500.0,22500.0
116,5.0,26-04-2024,Customer_116,9800000116,DS,35000.0,Open,3500.0,31500.0
117,6.0,27-04-2024,Customer_117,9800000117,DA,40000.0,Open,0.0,40000.0
118,7.0,28-04-2024,Customer_118,9800000118,BA,30000.0,Open,15000.0,15000.0
119,8.0,29-04-2024,Customer_119,9800000119,FSD,45000.0,Open,4500.0,40500.0
120,1.0,30-04-2024,Customer_120,9800000120,DS,35000.0,Open,0.0,35000.0
121,2.0,01-05-2024,Customer_121,9800000121,DA,40000.0,Open,20000.0,20000.0
122,3.0,02-05-2024,Customer_122,9800000122,BA,30000.0,Open,3000.0,27000.0
123,4.0,03-05-2024,Customer_123,9800000123,FSD,45000.0,Open,0.0,45000.0
124,5.0,04-05-2024,Customer_124,9800000124,DS,35000.0,Open,17500.0,17500.0
125,6.0,05-05-2024,Customer_125,9800000125,DA,40000.0,Open,4000.0,36000.0
126,7.0,06-05-2024,Customer_126,9800000126,BA,30000.0,Open,0.0,30000.0
127,8.0,07-05-2024,Customer_127,9800000127,FSD,45000.0,Open,22500.0,22500.0
128,1.0,08-05-2024,Customer_128,9800000128,DS,35000.0,Open,3500.0,31500.0
129,2.0,09-05-2024,Customer_129,9800000129,DA,40000.0,Open,0.0,40000.0
130,3.0,10-05-2024,Customer_130,9800000130,BA,30000.0,Open,15000.0,15000.0
131,4.0,11-05-2024,Customer_131,9800000131,FSD,45000.0,Open,4500.0,40500.0
132,5.0,12-05-2024,Customer_132,9800000132,DS,35000.0,Open,0.0,35000.0
133,6.0,13-05-2024,Customer_133,9800000133,DA,40000.0,Open,20000.0,20000.0
134,7.0,14-05-2024,Customer_134,9800000134,BA,30000.0,Open,3000.0,27000.0
135,8.0,15-05-2024,Customer_135,9800000135,FSD,45000.0,Open,0.0,45000.0
136,1.0,16-05-2024,Customer_136,9800000136,DS,35000.0,Open,17500.0,17500.0
137,2.0,17-05-2024,Customer_137,9800000137,DA,40000.0,Open,4000.0,36000.0
138,3.0,18-05-2024,Customer_138,9800000138,BA,30000.0,Open,0.0,30000.0
139,4.0,19-05-2024,Customer_139,9800000139,FSD,45000.0,Open,22500.0,22500.0
140,5.0,20-05-2024,Customer_140,9800000140,DS,35000.0,Open,3500.0,31500.0
141,6.0,21-05-2024,Customer_141,9800000141,DA,40000.0,Open,0.0,40000.0
142,7.0,22-05-2024,Customer_142,9800000142,BA,30000.0,Open,15000.0,15000.0
143,8.0,23-05-2024,Customer_143,9800000143,FSD,45000.0,Open,4500.0,40500.0
144,1.0,24-05-2024,Customer_144,9800000144,DS,35000.0,Open,0.0,35000.0
145,2.0,25-05-2024,Customer_145,9800000145,DA,40000.0,Open,20000.0,20000.0
146,3.0,26-05-2024,Customer_146,9800000146,BA,30000.0,Open,3000.0,27000.0
147,4.0,27-05-2024,Customer_147,9800000147,FSD,45000.0,Open,0.0,45000.0
148,5.0,28-05-2024,Customer_148,9800000148,DS,35000.0,Open,17500.0,17500.0
149,6.0,29-05-2024,Customer_149,9800000149,DA,40000.0,Open,4000.0,36000.0
150,7.0,30-05-2024,Customer_150,9800000150,BA,30000.0,Open,0.0,30000.0
151,8.0,31-05-2024,Customer_151,9800000151,FSD,45000.0,Open,22500.0,22500.0
152,1.0,01-06-2024,Customer_152,9800000152,DS,35000.0,Open,3500.0,31500.0
153,2.0,02-06-2024,Customer_153,9800000153,DA,40000.0,Open,0.0,40000.0
154,3.0,03-06-2024,Customer_154,9800000154,BA,30000.0,Open,15000.0,15000.0
155,4.0,04-06-2024,Customer_155,9800000155,FSD,45000.0,Open,4500.0,40500.0
156,5.0,05-06-2024,Customer_156,9800000156,DS,35000.0,Open,0.0,35000.0
157,6.0,06-06-2024,Customer_157,9800000157,DA,40000.0,Open,20000.0,20000.0
158,7.0,07-06-2024,Customer_158,9800000158,BA,30000.0,Open,3000.0,27000.0
159,8.0,08-06-2024,Customer_159,9800000159,FSD,45000.0,Open,0.0,45000.0
160,1.0,09-06-2024,Customer_160,9800000160,DS,35000.0,Open,17500.0,17500.0
161,2.0,10-06-2024,Customer_161,9800000161,DA,40000.0,Open,4000.0,36000.0
162,3.0,11-06-2024,Customer_162,9800000162,BA,30000.0,Open,0.0,30000.0
163,4.0,12-06-2024,Customer_163,9800000163,FSD,45000.0,Open,22500.0,22500.0
164,5.0,13-06-2024,Customer_164,9800000164,DS,35000.0,Open,3500.0,31500.0
165,6.0,14-06-2024,Customer_165,9800000165,DA,40000.0,Open,0.0,40000.0
166,7.0,15-06-2024,Customer_166,9800000166,BA,30000.0,Open,15000.0,15000.0
167,8.0,16-06-2024,Customer_167,9800000167,FSD,45000.0,Open,4500.0,40500.0
168,1.0,17-06-2024,Customer_168,9800000168,DS,35000.0,Open,0.0,35000.0
169,2.0,18-06-2024,Customer_169,9800000169,DA,40000.0,Open,20000.0,20000.0
170,3.0,19-06-2024,Customer_170,9800000170,BA,30000.0,Open,3000.0,27000.0
171,4.0,20-06-2024,Customer_171,9800000171,FSD,45000.0,Open,0.0,45000.0
172,5.0,21-06-2024,Customer_172,9800000172,DS,35000.0,Open,17500.0,17500.0
173,6.0,22-06-2024,Customer_173,9800000173,DA,40000.0,Open,4000.0,36000.0
174,7.0,23-06-2024,Customer_174,9800000174,BA,30000.0,Open,0.0,30000.0
175,8.0,24-06-2024,Customer_175,9800000175,FSD,45000.0,Open,22500.0,22500.0
176,1.0,25-06-2024,Customer_176,9800000176,DS,35000.0,Open,3500.0,31500.0
177,2.0,26-06-2024,Customer_177,9800000177,DA,40000.0,Open,0.0,40000.0
178,3.0,27-06-2024,Customer_178,9800000178,BA,30000.0,Open,15000.0,15000.0
179,4.0,28-06-2024,Customer_179,9800000179,FSD,45000.0,Open,4500.0,40500.0
180,5.0,01-01-2024,Customer_180,9800000180,DS,35000.0,Open,0.0,35000.0
181,6.0,02-01-2024,Customer_181,9800000181,DA,40000.0,Open,20000.0,20000.0
182,7.0,03-01-2024,Customer_182,9800000182,BA,30000.0,Open,3000.0,27000.0
183,8.0,04-01-2024,Customer_183,9800000183,FSD,45000.0,Open,0.0,45000.0
184,1.0,05-01-2024,Customer_184,9800000184,DS,35000.0,Open,17500.0,17500.0
185,2.0,06-01-2024,Customer_185,9800000185,DA,40000.0,Open,4000.0,36000.0
186,3.0,07-01-2024,Customer_186,9800000186,BA,30000.0,Open,0.0,30000.0
187,4.0,08-01-2024,Customer_187,9800000187,FSD,45000.0,Open,22500.0,22500.0
188,5.0,09-01-2024,Customer_188,9800000188,DS,35000.0,Open,3500.0,31500.0
189,6.0,10-01-2024,Customer_189,9800000189,DA,40000.0,Open,0.0,40000.0
190,7.0,11-01-2024,Customer_190,9800000190,BA,30000.0,Open,15000.0,15000.0
191,8.0,12-01-2024,Customer_191,9800000191,FSD,45000.0,Open,4500.0,40500.0
192,1.0,13-01-2024,Customer_192,9800000192,DS,35000.0,Open,0.0,35000.0
193,2.0,14-01-2024,Customer_193,9800000193,DA,40000.0,Open,20000.0,20000.0
194,3.0,15-01-2024,Customer_194,9800000194,BA,30000.0,Open,3000.0,27000.0
195,4.0,16-01-2024,Customer_195,9800000195,FSD,45000.0,Open,0.0,45000.0
196,5.0,17-01-2024,Customer_196,9800000196,DS,35000.0,Open,17500.0,17500.0
197,6.0,18-01-2024,Customer_197,9800000197,DA,40000.0,Open,4000.0,36000.0
198,7.0,19-01-2024,Customer_198,9800000198,BA,30000.0,Open,0.0,30000.0
199,8.0,20-01-2024,Customer_199,9800000199,FSD,45000.0,Open,22500.0,22500.0
200,1.0,21-01-2024,Customer_200,9800000200,DS,35000.0,Open,3500.0,31500.0
201,2.0,22-01-2024,Customer_201,9800000201,DA,40000.0,Open,0.0,40000.0
202,3.0,23-01-2024,Customer_202,9800000202,BA,30000.0,Open,15000.0,15000.0
203,4.0,24-01-2024,Customer_203,9800000203,FSD,45000.0,Open,4500.0,40500.0
204,5.0,25-01-2024,Customer_204,9800000204,DS,35000.0,Open,0.0,35000.0
205,6.0,26-01-2024,Customer_205,9800000205,DA,40000.0,Open,20000.0,20000.0
206,7.0,27-01-2024,Customer_206,9800000206,BA,30000.0,Open,3000.0,27000.0
207,8.0,28-01-2024,Customer_207,9800000207,FSD,45000.0,Open,0.0,45000.0
208,1.0,29-01-2024,Customer_208,9800000208,DS,35000.0,Open,17500.0,17500.0
209,2.0,30-01-2024,Customer_209,9800000209,DA,40000.0,Open,4000.0,36000.0
210,3.0,31-01-2024,Customer_210,9800000210,BA,30000.0,Open,0.0,30000.0
211,4.0,01-02-2024,Customer_211,9800000211,FSD,45000.0,Open,22500.0,22500.0
212,5.0,02-02-2024,Customer_212,9800000212,DS,35000.0,Open,3500.0,31500.0
213,6.0,03-02-2024,Customer_213,9800000213,DA,40000.0,Open,0.0,40000.0
214,7.0,04-02-2024,Customer_214,9800000214,BA,30000.0,Open,15000.0,15000.0
215,8.0,05-02-2024,Customer_215,9800000215,FSD,45000.0,Open,4500.0,40500.0
216,1.0,06-02-2024,Customer_216,9800000216,DS,35000.0,Open,0.0,35000.0
217,2.0,07-02-2024,Customer_217,9800000217,DA,40000.0,Open,20000.0,20000.0
218,3.0,08-02-2024,Customer_218,9800000218,BA,30000.0,Open,3000.0,27000.0
219,4.0,09-02-2024,Customer_219,9800000219,FSD,45000.0,Open,0.0,45000.0
220,5.0,10-02-2024,Customer_220,9800000220,DS,35000.0,Open,17500.0,17500.0
221,6.0,11-02-2024,Customer_221,9800000221,DA,40000.0,Open,4000.0,36000.0
222,7.0,12-02-2024,Customer_222,9800000222,BA,30000.0,Open,0.0,30000.0
223,8.0,13-02-2024,Customer_223,9800000223,FSD,45000.0,Open,22500.0,22500.0
224,1.0,14-02-2024,Customer_224,9800000224,DS,35000.0,Open,3500.0,31500.0
225,2.0,15-02-2024,Customer_225,9800000225,DA,40000.0,Open,0.0,40000.0
226,3.0,16-02-2024,Customer_226,9800000226,BA,30000.0,Open,15000.0,15000.0
227,4.0,17-02-2024,Customer_227,9800000227,FSD,45000.0,Open,4500.0,40500.0
228,5.0,18-02-2024,Customer_228,9800000228,DS,35000.0,Open,0.0,35000.0
229,6.0,19-02-2024,Customer_229,9800000229,DA,40000.0,Open,20000.0,20000.0
230,7.0,20-02-2024,Customer_230,9800000230,BA,30000.0,Open,3000.0,27000.0
231,8.0,21-02-2024,Customer_231,9800000231,FSD,45000.0,Open,0.0,45000.0
232,1.0,22-02-2024,Customer_232,9800000232,DS,35000.0,Open,17500.0,17500.0
233,2.0,23-02-2024,Customer_233,9800000233,DA,40000.0,Open,4000.0,36000.0
234,3.0,24-02-2024,Customer_234,9800000234,BA,30000.0,Open,0.0,30000.0
235,4.0,25-02-2024,Customer_235,9800000235,FSD,45000.0,Open,22500.0,22500.0
236,5.0,26-02-2024,Customer_236,9800000236,DS,35000.0,Open,3500.0,31500.0
237,6.0,27-02-2024,Customer_237,9800000237,DA,40000.0,Open,0.0,40000.0
238,7.0,28-02-2024,Customer_238,9800000238,BA,30000.0,Open,15000.0,15000.0
239,8.0,29-02-2024,Customer_239,9800000239,FSD,45000.0,Open,4500.0,40500.0
240,1.0,01-03-2024,Customer_240,9800000240,DS,35000.0,Open,0.0,35000.0
241,2.0,02-03-2024,Customer_241,9800000241,DA,40000.0,Open,20000.0,20000.0
242,3.0,03-03-2024,Customer_242,9800000242,BA,30000.0,Open,3000.0,27000.0
243,4.0,04-03-2024,Customer_243,9800000243,FSD,45000.0,Open,0.0,45000.0
244,5.0,05-03-2024,Customer_244,9800000244,DS,35000.0,Open,17500.0,17500.0
245,6.0,06-03-2024,Customer_245,9800000245,DA,40000.0,Open,4000.0,36000.0
246,7.0,07-03-2024,Customer_246,9800000246,BA,30000.0,Open,0.0,30000.0
247,8.0,08-03-2024,Customer_247,9800000247,FSD,45000.0,Open,22500.0,22500.0
248,1.0,09-03-2024,Customer_248,9800000248,DS,35000.0,Open,3500.0,31500.0
249,2.0,10-03-2024,Customer_249,9800000249,DA,40000.0,Open,0.0,40000.0
250,3.0,11-03-2024,Customer_250,9800000250,BA,30000.0,Open,15000.0,15000.0
251,4.0,12-03-2024,Customer_251,9800000251,FSD,45000.0,Open,4500.0,40500.0
252,5.0,13-03-2024,Customer_252,9800000252,DS,35000.0,Open,0.0,35000.0
253,6.0,14-03-2024,Customer_253,9800000253,DA,40000.0,Open,20000.0,20000.0
254,7.0,15-03-2024,Customer_254,9800000254,BA,30000.0,Open,3000.0,27000.0
255,8.0,16-03-2024,Customer_255,9800000255,FSD,45000.0,Open,0.0,45000.0
256,1.0,17-03-2024,Customer_256,9800000256,DS,35000.0,Open,17500.0,17500.0
257,2.0,18-03-2024,Customer_257,9800000257,DA,40000.0,Open,4000.0,36000.0
258,3.0,19-03-2024,Customer_258,9800000258,BA,30000.0,Open,0.0,30000.0
259,4.0,20-03-2024,Customer_259,9800000259,FSD,45000.0,Open,22500.0,22500.0
260,5.0,21-03-2024,Customer_260,9800000260,DS,35000.0,Open,3500.0,31500.0
261,6.0,22-03-2024,Customer_261,9800000261,DA,40000.0,Open,0.0,40000.0
262,7.0,23-03-2024,Customer_262,9800000262,BA,30000.0,Open,15000.0,15000.0
263,8.0,24-03-2024,Customer_263,9800000263,FSD,45000.0,Open,4500.0,40500.0
264,1.0,25-03-2024,Customer_264,9800000264,DS,35000.0,Open,0.0,35000.0
265,2.0,26-03-2024,Customer_265,9800000265,DA,40000.0,Open,20000.0,20000.0
266,3.0,27-03-2024,Customer_266,9800000266,BA,30000.0,Open,3000.0,27000.0
267,4.0,28-03-2024,Customer_267,9800000267,FSD,45000.0,Open,0.0,45000.0
268,5.0,29-03-2024,Customer_268,9800000268,DS,35000.0,Open,17500.0,17500.0
269,6.0,30-03-2024,Customer_269,9800000269,DA,40000.0,Open,4000.0,36000.0
270,7.0,31-03-2024,Customer_270,9800000270,BA,30000.0,Open,0.0,30000.0
271,8.0,01-04-2024,Customer_271,9800000271,FSD,45000.0,Open,22500.0,22500.0
272,1.0,02-04-2024,Customer_272,9800000272,DS,35000.0,Open,3500.0,31500.0
273,2.0,03-04-2024,Customer_273,9800000273,DA,40000.0,Open,0.0,40000.0
274,3.0,04-04-2024,Customer_274,9800000274,BA,30000.0,Open,15000.0,15000.0
275,4.0,05-04-2024,Customer_275,9800000275,FSD,45000.0,Open,4500.0,40500.0
276,5.0,06-04-2024,Customer_276,9800000276,DS,35000.0,Open,0.0,35000.0
277,6.0,07-04-2024,Customer_277,9800000277,DA,40000.0,Open,20000.0,20000.0
278,7.0,08-04-2024,Customer_278,9800000278,BA,30000.0,Open,3000.0,27000.0
279,8.0,09-04-2024,Customer_279,9800000279,FSD,45000.0,Open,0.0,45000.0
280,1.0,10-04-2024,Customer_280,9800000280,DS,35000.0,Open,17500.0,17500.0
281,2.0,11-04-2024,Customer_281,9800000281,DA,40000.0,Open,4000.0,36000.0
282,3.0,12-04-2024,Customer_282,9800000282,BA,30000.0,Open,0.0,30000.0
283,4.0,13-04-2024,Customer_283,9800000283,FSD,45000.0,Open,22500.0,22500.0
284,5.0,14-04-2024,Customer_284,9800000284,DS,35000.0,Open,3500.0,31500.0
285,6.0,15-04-2024,Customer_285,9800000285,DA,40000.0,Open,0.0,40000.0
286,7.0,16-04-2024,Customer_286,9800000286,BA,30000.0,Open,15000.0,15000.0
287,8.0,17-04-2024,Customer_287,9800000287,FSD,45000.0,Open,4500.0,40500.0
288,1.0,18-04-2024,Customer_288,9800000288,DS,35000.0,Open,0.0,35000.0
289,2.0,19-04-2024,Customer_289,9800000289,DA,40000.0,Open,20000.0,20000.0
290,3.0,20-04-2024,Customer_290,9800000290,BA,30000.0,Open,3000.0,27000.0
291,4.0,21-04-2024,Customer_291,9800000291,FSD,45000.0,Open,0.0,45000.0
292,5.0,22-04-2024,Customer_292,9800000292,DS,35000.0,Open,17500.0,17500.0
293,6.0,23-04-2024,Customer_293,9800000293,DA,40000.0,Open,4000.0,36000.0
294,7.0,24-04-2024,Customer_294,9800000294,BA,30000.0,Open,0.0,30000.0
295,8.0,25-04-2024,Customer_295,9800000295,FSD,45000.0,Open,22500.0,22500.0
296,1.0,26-04-2024,Customer_296,9800000296,DS,35000.0,Open,3500.0,31500.0
297,2.0,27-04-2024,Customer_297,9800000297,DA,40000.0,Open,0.0,40000.0
298,3.0,28-04-2024,Customer_298,9800000298,BA,30000.0,Open,15000.0,15000.0
299,4.0,29-04-2024,Customer_299,9800000299,FSD,45000.0,Open,4500.0,40500.0
300,5.0,30-04-2024,Customer_300,9800000300,DS,35000.0,Open,0.0,35000.0
301,6.0,01-05-2024,Customer_301,9800000301,DA,40000.0,Open,20000.0,20000.0
302,7.0,02-05-2024,Customer_302,9800000302,BA,30000.0,Open,3000.0,27000.0
303,8.0,03-05-2024,Customer_303,9800000303,FSD,45000.0,Open,0.0,45000.0
304,1.0,04-05-2024,Customer_304,9800000304,DS,35000.0,Open,17500.0,17500.0
305,2.0,05-05-2024,Customer_305,9800000305,DA,40000.0,Open,4000.0,36000.0
306,3.0,06-05-2024,Customer_306,9800000306,BA,30000.0,Open,0.0,30000.0
307,4.0,07-05-2024,Customer_307,9800000307,FSD,45000.0,Open,22500.0,22500.0
308,5.0,08-05-2024,Customer_308,9800000308,DS,35000.0,Open,3500.0,31500.0
309,6.0,09-05-2024,Customer_309,9800000309,DA,40000.0,Open,0.0,40000.0
310,7.0,10-05-2024,Customer_310,9800000310,BA,30000.0,Open,15000.0,15000.0
311,8.0,11-05-2024,Customer_311,9800000311,FSD,45000.0,Open,4500.0,40500.0
312,1.0,12-05-2024,Customer_312,9800000312,DS,35000.0,Open,0.0,35000.0
313,2.0,13-05-2024,Customer_313,9800000313,DA,40000.0,Open,20000.0,20000.0
314,3.0,14-05-2024,Customer_314,9800000314,BA,30000.0,Open,3000.0,27000.0
315,4.0,15-05-2024,Customer_315,9800000315,FSD,45000.0,Open,0.0,45000.0
316,5.0,16-05-2024,Customer_316,9800000316,DS,35000.0,Open,17500.0,17500.0
317,6.0,17-05-2024,Customer_317,9800000317,DA,40000.0,Open,4000.0,36000.0
318,7.0,18-05-2024,Customer_318,9800000318,BA,30000.0,Open,0.0,30000.0
319,8.0,19-05-2024,Customer_319,9800000319,FSD,45000.0,Open,22500.0,22500.0
320,1.0,20-05-2024,Customer_320,9800000320,DS,35000.0,Open,3500.0,31500.0
321,2.0,21-05-2024,Customer_321,9800000321,DA,40000.0,Open,0.0,40000.0
322,3.0,22-05-2024,Customer_322,9800000322,BA,30000.0,Open,15000.0,15000.0
323,4.0,23-05-2024,Customer_323,9800000323,FSD,45000.0,Open,4500.0,40500.0
324,5.0,24-05-2024,Customer_324,9800000324,DS,35000.0,Open,0.0,35000.0
325,6.0,25-05-2024,Customer_325,9800000325,DA,40000.0,Open,20000.0,20000.0
326,7.0,26-05-2024,Customer_326,9800000326,BA,30000.0,Open,3000.0,27000.0
327,8.0,27-05-2024,Customer_327,9800000327,FSD,45000.0,Open,0.0,45000.0
328,1.0,28-05-2024,Customer_328,9800000328,DS,35000.0,Open,17500.0,17500.0
329,2.0,29-05-2024,Customer_329,9800000329,DA,40000.0,Open,4000.0,36000.0
330,3.0,30-05-2024,Customer_330,9800000330,BA,30000.0,Open,0.0,30000.0
331,4.0,31-05-2024,Customer_331,9800000331,FSD,45000.0,Open,22500.0,22500.0
332,5.0,01-06-2024,Customer_332,9800000332,DS,35000.0,Open,3500.0,31500.0
333,6.0,02-06-2024,Customer_333,9800000333,DA,40000.0,Open,0.0,40000.0
334,7.0,03-06-2024,Customer_334,9800000334,BA,30000.0,Open,15000.0,15000.0
335,8.0,04-06-2024,Customer_335,9800000335,FSD,45000.0,Open,4500.0,40500.0
336,1.0,05-06-2024,Customer_336,9800000336,DS,35000.0,Open,0.0,35000.0
337,2.0,06-06-2024,Customer_337,9800000337,DA,40000.0,Open,20000.0,20000.0
338,3.0,07-06-2024,Customer_338,9800000338,BA,30000.0,Open,3000.0,27000.0
339,4.0,08-06-2024,Customer_339,9800000339,FSD,45000.0,Open,0.0,45000.0
340,5.0,09-06-2024,Customer_340,9800000340,DS,35000.0,Open,17500.0,17500.0
341,6.0,10-06-2024,Customer_341,9800000341,DA,40000.0,Open,4000.0,36000.0
342,7.0,11-06-2024,Customer_342,9800000342,BA,30000.0,Open,0.0,30000.0
343,8.0,12-06-2024,Customer_343,9800000343,FSD,45000.0,Open,22500.0,22500.0
344,1.0,13-06-2024,Customer_344,9800000344,DS,35000.0,Open,3500.0,31500.0
345,2.0,14-06-2024,Customer_345,9800000345,DA,40000.0,Open,0.0,40000.0
346,3.0,15-06-2024,Customer_346,9800000346,BA,30000.0,Open,15000.0,15000.0
347,4.0,16-06-2024,Customer_347,9800000347,FSD,45000.0,Open,4500.0,40500.0
348,5.0,17-06-2024,Customer_348,9800000348,DS,35000.0,Open,0.0,35000.0
349,6.0,18-06-2024,Customer_349,9800000349,DA,40000.0,Open,20000.0,20000.0
350,7.0,19-06-2024,Customer_350,9800000350,BA,30000.0,Open,3000.0,27000.0
351,8.0,20-06-2024,Customer_351,9800000351,FSD,45000.0,Open,0.0,45000.0
352,1.0,21-06-2024,Customer_352,9800000352,DS,35000.0,Open,17500.0,17500.0
353,2.0,22-06-2024,Customer_353,9800000353,DA,40000.0,Open,4000.0,36000.0
354,3.0,23-06-2024,Customer_354,9800000354,BA,30000.0,Open,0.0,30000.0
355,4.0,24-06-2024,Customer_355,9800000355,FSD,45000.0,Open,22500.0,22500.0
356,5.0,25-06-2024,Customer_356,9800000356,DS,35000.0,Open,3500.0,31500.0
357,6.0,26-06-2024,Customer_357,9800000357,DA,40000.0,Open,0.0,40000.0
358,7.0,27-06-2024,Customer_358,9800000358,BA,30000.0,Open,15000.0,15000.0
359,8.0,28-06-2024,Customer_359,9800000359,FSD,45000.0,Open,4500.0,40500.0
360,1.0,01-01-2024,Customer_360,9800000360,DS,35000.0,Open,0.0,35000.0
361,2.0,02-01-2024,Customer_361,9800000361,DA,40000.0,Open,20000.0,20000.0
362,3.0,03-01-2024,Customer_362,9800000362,BA,30000.0,Open,3000.0,27000.0
363,4.0,04-01-2024,Customer_363,9800000363,FSD,45000.0,Open,0.0,45000.0
364,5.0,05-01-2024,Customer_364,9800000364,DS,35000.0,Open,17500.0,17500.0
365,6.0,06-01-2024,Customer_365,9800000365,DA,40000.0,Open,4000.0,36000.0
366,7.0,07-01-2024,Customer_366,9800000366,BA,30000.0,Open,0.0,30000.0
367,8.0,08-01-2024,Customer_367,9800000367,FSD,45000.0,Open,22500.0,22500.0
368,1.0,09-01-2024,Customer_368,9800000368,DS,35000.0,Open,3500.0,31500.0
369,2.0,10-01-2024,Customer_369,9800000369,DA,40000.0,Open,0.0,40000.0
370,3.0,11-01-2024,Customer_370,9800000370,BA,30000.0,Open,15000.0,15000.0
371,4.0,12-01-2024,Customer_371,9800000371,FSD,45000.0,Open,4500.0,40500.0
372,5.0,13-01-2024,Customer_372,9800000372,DS,35000.0,Open,0.0,35000.0
373,6.0,14-01-2024,Customer_373,9800000373,DA,40000.0,Open,20000.0,20000.0
374,7.0,15-01-2024,Customer_374,9800000374,BA,30000.0,Open,3000.0,27000.0
375,8.0,16-01-2024,Customer_375,9800000375,FSD,45000.0,Open,0.0,45000.0
376,1.0,17-01-2024,Customer_376,9800000376,DS,35000.0,Open,17500.0,17500.0
377,2.0,18-01-2024,Customer_377,9800000377,DA,40000.0,Open,4000.0,36000.0
378,3.0,19-01-2024,Customer_378,9800000378,BA,30000.0,Open,0.0,30000.0
379,4.0,20-01-2024,Customer_379,9800000379,FSD,45000.0,Open,22500.0,22500.0
380,5.0,21-01-2024,Customer_380,9800000380,DS,35000.0,Open,3500.0,31500.0
381,6.0,22-01-2024,Customer_381,9800000381,DA,40000.0,Open,0.0,40000.0
382,7.0,23-01-2024,Customer_382,9800000382,BA,30000.0,Open,15000.0,15000.0
383,8.0,24-01-2024,Customer_383,9800000383,FSD,45000.0,Open,4500.0,40500.0
384,1.0,25-01-2024,Customer_384,9800000384,DS,35000.0,Open,0.0,35000.0
385,2.0,26-01-2024,Customer_385,9800000385,DA,40000.0,Open,20000.0,20000.0
386,3.0,27-01-2024,Customer_386,9800000386,BA,30000.0,Open,3000.0,27000.0
387,4.0,28-01-2024,Customer_387,9800000387,FSD,45000.0,Open,0.0,45000.0
388,5.0,29-01-2024,Customer_388,9800000388,DS,35000.0,Open,17500.0,17500.0
389,6.0,30-01-2024,Customer_389,9800000389,DA,40000.0,Open,4000.0,36000.0
390,7.0,31-01-2024,Customer_390,9800000390,BA,30000.0,Open,0.0,30000.0
391,8.0,01-02-2024,Customer_391,9800000391,FSD,45000.0,Open,22500.0,22500.0
392,1.0,02-02-2024,Customer_392,9800000392,DS,35000.0,Open,3500.0,31500.0
393,2.0,03-02-2024,Customer_393,9800000393,DA,40000.0,Open,0.0,40000.0
394,3.0,04-02-2024,Customer_394,9800000394,BA,30000.0,Open,15000.0,15000.0
395,4.0,05-02-2024,Customer_395,9800000395,FSD,45000.0,Open,4500.0,40500.0
396,5.0,06-02-2024,Customer_396,9800000396,DS,35000.0,Open,0.0,35000.0
397,6.0,07-02-2024,Customer_397,9800000397,DA,40000.0,Open,20000.0,20000.0
398,7.0,08-02-2024,Customer_398,9800000398,BA,30000.0,Open,3000.0,27000.0
399,8.0,09-02-2024,Customer_399,9800000399,FSD,45000.0,Open,0.0,45000.0
400,1.0,10-02-2024,Customer_400,9800000400,DS,35000.0,Open,17500.0,17500.0
401,2.0,11-02-2024,Customer_401,9800000401,DA,40000.0,Open,4000.0,36000.0
402,3.0,12-02-2024,Customer_402,9800000402,BA,30000.0,Open,0.0,30000.0
403,4.0,13-02-2024,Customer_403,9800000403,FSD,45000.0,Open,22500.0,22500.0
404,5.0,14-02-2024,Customer_404,9800000404,DS,35000.0,Open,3500.0,31500.0
405,6.0,15-02-2024,Customer_405,9800000405,DA,40000.0,Open,0.0,40000.0
406,7.0,16-02-2024,Customer_406,9800000406,BA,30000.0,Open,15000.0,15000.0
407,8.0,17-02-2024,Customer_407,9800000407,FSD,45000.0,Open,4500.0,40500.0
408,1.0,18-02-2024,Customer_408,9800000408,DS,35000.0,Open,0.0,35000.0
409,2.0,19-02-2024,Customer_409,9800000409,DA,40000.0,Open,20000.0,20000.0
410,3.0,20-02-2024,Customer_410,9800000410,BA,30000.0,Open,3000.0,27000.0
411,4.0,21-02-2024,Customer_411,9800000411,FSD,45000.0,Open,0.0,45000.0
412,5.0,22-02-2024,Customer_412,9800000412,DS,35000.0,Open,17500.0,17500.0
413,6.0,23-02-2024,Customer_413,9800000413,DA,40000.0,Open,4000.0,36000.0
414,7.0,24-02-2024,Customer_414,9800000414,BA,30000.0,Open,0.0,30000.0
415,8.0,25-02-2024,Customer_415,9800000415,FSD,45000.0,Open,22500.0,22500.0
416,1.0,26-02-2024,Customer_416,9800000416,DS,35000.0,Open,3500.0,31500.0
417,2.0,27-02-2024,Customer_417,9800000417,DA,40000.0,Open,0.0,40000.0
418,3.0,28-02-2024,Customer_418,9800000418,BA,30000.0,Open,15000.0,15000.0
419,4.0,29-02-2024,Customer_419,9800000419,FSD,45000.0,Open,4500.0,40500.0
420,5.0,01-03-2024,Customer_420,9800000420,DS,35000.0,Open,0.0,35000.0
421,6.0,02-03-2024,Customer_421,9800000421,DA,40000.0,Open,20000.0,20000.0
422,7.0,03-03-2024,Customer_422,9800000422,BA,30000.0,Open,3000.0,27000.0
423,8.0,04-03-2024,Customer_423,9800000423,FSD,45000.0,Open,0.0,45000.0
424,1.0,05-03-2024,Customer_424,9800000424,DS,35000.0,Open,17500.0,17500.0
425,2.0,06-03-2024,Customer_425,9800000425,DA,40000.0,Open,4000.0,36000.0
426,3.0,07-03-2024,Customer_426,9800000426,BA,30000.0,Open,0.0,30000.0
427,4.0,08-03-2024,Customer_427,9800000427,FSD,45000.0,Open,22500.0,22500.0
428,5.0,09-03-2024,Customer_428,9800000428,DS,35000.0,Open,3500.0,31500.0
429,6.0,10-03-2024,Customer_429,9800000429,DA,40000.0,Open,0.0,40000.0
430,7.0,11-03-2024,Customer_430,9800000430,BA,30000.0,Open,15000.0,15000.0
431,8.0,12-03-2024,Customer_431,9800000431,FSD,45000.0,Open,4500.0,40500.0
432,1.0,13-03-2024,Customer_432,9800000432,DS,35000.0,Open,0.0,35000.0
433,2.0,14-03-2024,Customer_433,9800000433,DA,40000.0,Open,20000.0,20000.0
434,3.0,15-03-2024,Customer_434,9800000434,BA,30000.0,Open,3000.0,27000.0
435,4.0,16-03-2024,Customer_435,9800000435,FSD,45000.0,Open,0.0,45000.0
436,5.0,17-03-2024,Customer_436,9800000436,DS,35000.0,Open,17500.0,17500.0
437,6.0,18-03-2024,Customer_437,9800000437,DA,40000.0,Open,4000.0,36000.0
438,7.0,19-03-2024,Customer_438,9800000438,BA,30000.0,Open,0.0,30000.0
439,8.0,20-03-2024,Customer_439,9800000439,FSD,45000.0,Open,22500.0,22500.0
440,1.0,21-03-2024,Customer_440,9800000440,DS,35000.0,Open,3500.0,31500.0
441,2.0,22-03-2024,Customer_441,9800000441,DA,40000.0,Open,0.0,40000.0
442,3.0,23-03-2024,Customer_442,9800000442,BA,30000.0,Open,15000.0,15000.0
443,4.0,24-03-2024,Customer_443,9800000443,FSD,45000.0,Open,4500.0,40500.0
444,5.0,25-03-2024,Customer_444,9800000444,DS,35000.0,Open,0.0,35000.0
445,6.0,26-03-2024,Customer_445,9800000445,DA,40000.0,Open,20000.0,20000.0
446,7.0,27-03-2024,Customer_446,9800000446,BA,30000.0,Open,3000.0,27000.0
447,8.0,28-03-2024,Customer_447,9800000447,FSD,45000.0,Open,0.0,45000.0
448,1.0,29-03-2024,Customer_448,9800000448,DS,35000.0,Open,17500.0,17500.0
449,2.0,30-03-2024,Customer_449,9800000449,DA,40000.0,Open,4000.0,36000.0
450,3.0,31-03-2024,Customer_450,9800000450,BA,30000.0,Open,0.0,30000.0
451,4.0,01-04-2024,Customer_451,9800000451,FSD,45000.0,Open,22500.0,22500.0
452,5.0,02-04-2024,Customer_452,9800000452,DS,35000.0,Open,3500.0,31500.0
453,6.0,03-04-2024,Customer_453,9800000453,DA,40000.0,Open,0.0,40000.0
454,7.0,04-04-2024,Customer_454,9800000454,BA,30000.0,Open,15000.0,15000.0
455,8.0,05-04-2024,Customer_455,9800000455,FSD,45000.0,Open,4500.0,40500.0
456,1.0,06-04-2024,Customer_456,9800000456,DS,35000.0,Open,0.0,35000.0
457,2.0,07-04-2024,Customer_457,9800000457,DA,40000.0,Open,20000.0,20000.0
458,3.0,08-04-2024,Customer_458,9800000458,BA,30000.0,Open,3000.0,27000.0
459,4.0,09-04-2024,Customer_459,9800000459,FSD,45000.0,Open,0.0,45000.0
460,5.0,10-04-2024,Customer_460,9800000460,DS,35000.0,Open,17500.0,17500.0
461,6.0,11-04-2024,Customer_461,9800000461,DA,40000.0,Open,4000.0,36000.0
462,7.0,12-04-2024,Customer_462,9800000462,BA,30000.0,Open,0.0,30000.0
463,8.0,13-04-2024,Customer_463,9800000463,FSD,45000.0,Open,22500.0,22500.0
464,1.0,14-04-2024,Customer_464,9800000464,DS,35000.0,Open,3500.0,31500.0
465,2.0,15-04-2024,Customer_465,9800000465,DA,40000.0,Open,0.0,40000.0
466,3.0,16-04-2024,Customer_466,9800000466,BA,30000.0,Open,15000.0,15000.0
467,4.0,17-04-2024,Customer_467,9800000467,FSD,45000.0,Open,4500.0,40500.0
468,5.0,18-04-2024,Customer_468,9800000468,DS,35000.0,Open,0.0,35000.0
469,6.0,19-04-2024,Customer_469,9800000469,DA,40000.0,Open,20000.0,20000.0
470,7.0,20-04-2024,Customer_470,9800000470,BA,30000.0,Open,3000.0,27000.0
471,8.0,21-04-2024,Customer_471,9800000471,FSD,45000.0,Open,0.0,45000.0
472,1.0,22-04-2024,Customer_472,9800000472,DS,35000.0,Open,17500.0,17500.0
473,2.0,23-04-2024,Customer_473,9800000473,DA,40000.0,Open,4000.0,36000.0
474,3.0,24-04-2024,Customer_474,9800000474,BA,30000.0,Open,0.0,30000.0
475,4.0,25-04-2024,Customer_475,9800000475,FSD,45000.0,Open,22500.0,22500.0
476,5.0,26-04-2024,Customer_476,9800000476,DS,35000.0,Open,3500.0,31500.0
477,6.0,27-04-2024,Customer_477,9800000477,DA,40000.0,Open,0.0,40000.0
478,7.0,28-04-2024,Customer_478,9800000478,BA,30000.0,Open,15000.0,15000.0
479,8.0,29-04-2024,Customer_479,9800000479,FSD,45000.0,Open,4500.0,40500.0
480,1.0,30-04-2024,Customer_480,9800000480,DS,35000.0,Open,0.0,35000.0
481,2.0,01-05-2024,Customer_481,9800000481,DA,40000.0,Open,20000.0,20000.0
482,3.0,02-05-2024,Customer_482,9800000482,BA,30000.0,Open,3000.0,27000.0
483,4.0,03-05-2024,Customer_483,9800000483,FSD,45000.0,Open,0.0,45000.0
484,5.0,04-05-2024,Customer_484,9800000484,DS,35000.0,Open,17500.0,17500.0
485,6.0,05-05-2024,Customer_485,9800000485,DA,40000.0,Open,4000.0,36000.0
486,7.0,06-05-2024,Customer_486,9800000486,BA,30000.0,Open,0.0,30000.0
487,8.0,07-05-2024,Customer_487,9800000487,FSD,45000.0,Open,22500.0,22500.0
488,1.0,08-05-2024,Customer_488,9800000488,DS,35000.0,Open,3500.0,31500.0
489,2.0,09-05-2024,Customer_489,9800000489,DA,40000.0,Open,0.0,40000.0
490,3.0,10-05-2024,Customer_490,9800000490,BA,30000.0,Open,15000.0,15000.0
491,4.0,11-05-2024,Customer_491,9800000491,FSD,45000.0,Open,4500.0,40500.0
492,5.0,12-05-2024,Customer_492,9800000492,DS,35000.0,Open,0.0,35000.0
493,6.0,13-05-2024,Customer_493,9800000493,DA,40000.0,Open,20000.0,20000.0
494,7.0,14-05-2024,Customer_494,9800000494,BA,30000.0,Open,3000.0,27000.0
495,8.0,15-05-2024,Customer_495,9800000495,FSD,45000.0,Open,0.0,45000.0
496,1.0,16-05-2024,Customer_496,9800000496,DS,35000.0,Open,17500.0,17500.0
497,2.0,17-05-2024,Customer_497,9800000497,DA,40000.0,Open,4000.0,36000.0
498,3.0,18-05-2024,Customer_498,9800000498,BA,30000.0,Open,0.0,30000.0
499,4.0,19-05-2024,Customer_499,9800000499,FSD,45000.0,Open,22500.0,22500.0
500,5.0,20-05-2024,Customer_500,9800000500,DS,35000.0,Open,3500.0,31500.0
501,6.0,21-05-2024,Customer_501,9800000501,DA,40000.0,Open,40000.0,0.0
502,7.0,22-05-2024,Customer_502,9800000502,BA,30000.0,Open,30000.0,0.0
503,8.0,23-05-2024,Customer_503,9800000503,FSD,45000.0,Open,45000.0,0.0
504,1.0,24-05-2024,Customer_504,9800000504,DS,35000.0,Open,35000.0,0.0
505,2.0,25-05-2024,Customer_505,9800000505,DA,40000.0,Open,40000.0,0.0
506,3.0,26-05-2024,Customer_506,9800000506,BA,30000.0,Open,30000.0,0.0
507,4.0,27-05-2024,Customer_507,9800000507,FSD,45000.0,Open,45000.0,0.0
508,5.0,28-05-2024,Customer_508,9800000508,DS,35000.0,Open,35000.0,0.0
509,6.0,29-05-2024,Customer_509,9800000509,DA,40000.0,Open,40000.0,0.0
510,7.0,30-05-2024,Customer_510,9800000510,BA,30000.0,Open,30000.0,0.0
511,8.0,31-05-2024,Customer_511,9800000511,FSD,45000.0,Open,45000.0,0.0
512,1.0,01-06-2024,Customer_512,9800000512,DS,35000.0,Open,35000.0,0.0
513,2.0,02-06-2024,Customer_513,9800000513,DA,40000.0,Open,40000.0,0.0
514,3.0,03-06-2024,Customer_514,9800000514,BA,30000.0,Open,30000.0,0.0
515,4.0,04-06-2024,Customer_515,9800000515,FSD,45000.0,Open,45000.0,0.0
516,5.0,05-06-2024,Customer_516,9800000516,DS,35000.0,Open,35000.0,0.0
517,6.0,06-06-2024,Customer_517,9800000517,DA,40000.0,Open,40000.0,0.0
518,7.0,07-06-2024,Customer_518,9800000518,BA,30000.0,Open,30000.0,0.0
519,8.0,08-06-2024,Customer_519,9800000519,FSD,45000.0,Open,45000.0,0.0
520,1.0,09-06-2024,Customer_520,9800000520,DS,35000.0,Open,35000.0,0.0
521,2.0,10-06-2024,Customer_521,9800000521,DA,40000.0,Open,40000.0,0.0
522,3.0,11-06-2024,Customer_522,9800000522,BA,30000.0,Open,30000.0,0.0
523,4.0,12-06-2024,Customer_523,9800000523,FSD,45000.0,Open,45000.0,0.0
524,5.0,13-06-2024,Customer_524,9800000524,DS,35000.0,Open,35000.0,0.0
525,6.0,14-06-2024,Customer_525,9800000525,DA,40000.0,Open,40000.0,0.0
526,7.0,15-06-2024,Customer_526,9800000526,BA,30000.0,Open,30000.0,0.0
527,8.0,16-06-2024,Customer_527,9800000527,FSD,45000.0,Open,45000.0,0.0
528,1.0,17-06-2024,Customer_528,9800000528,DS,35000.0,Open,35000.0,0.0
529,2.0,18-06-2024,Customer_529,9800000529,DA,40000.0,Open,40000.0,0.0
530,3.0,19-06-2024,Customer_530,9800000530,BA,30000.0,Open,30000.0,0.0
531,4.0,20-06-2024,Customer_531,9800000531,FSD,45000.0,Open,45000.0,0.0
532,5.0,21-06-2024,Customer_532,9800000532,DS,35000.0,Open,35000.0,0.0
533,6.0,22-06-2024,Customer_533,9800000533,DA,40000.0,Open,40000.0,0.0
534,7.0,23-06-2024,Customer_534,9800000534,BA,30000.0,Open,30000.0,0.0
535,8.0,24-06-2024,Customer_535,9800000535,FSD,45000.0,Open,45000.0,0.0
536,1.0,25-06-2024,Customer_536,9800000536,DS,35000.0,Open,35000.0,0.0
537,2.0,26-06-2024,Customer_537,9800000537,DA,40000.0,Open,40000.0,0.0
538,3.0,27-06-2024,Customer_538,9800000538,BA,30000.0,Open,30000.0,0.0
539,4.0,28-06-2024,Customer_539,9800000539,FSD,45000.0,Open,45000.0,0.0
540,5.0,01-01-2024,Customer_540,9800000540,DS,35000.0,Open,35000.0,0.0
541,6.0,02-01-2024,Customer_541,9800000541,DA,40000.0,Open,40000.0,0.0
542,7.0,03-01-2024,Customer_542,9800000542,BA,30000.0,Open,30000.0,0.0
543,8.0,04-01-2024,Customer_543,9800000543,FSD,45000.0,Open,45000.0,0.0
544,1.0,05-01-2024,Customer_544,9800000544,DS,35000.0,Open,35000.0,0.0
545,2.0,06-01-2024,Customer_545,9800000545,DA,40000.0,Open,40000.0,0.0
546,3.0,07-01-2024,Customer_546,9800000546,BA,30000.0,Open,30000.0,0.0
547,4.0,08-01-2024,Customer_547,9800000547,FSD,45000.0,Open,45000.0,0.0
548,5.0,09-01-2024,Customer_548,9800000548,DS,35000.0,Open,35000.0,0.0
549,6.0,10-01-2024,Customer_549,9800000549,DA,40000.0,Open,40000.0,0.0
550,7.0,11-01-2024,Customer_550,9800000550,BA,30000.0,Open,30000.0,0.0
551,8.0,12-01-2024,Customer_551,9800000551,FSD,45000.0,Open,45000.0,0.0
552,1.0,13-01-2024,Customer_552,9800000552,DS,35000.0,Open,35000.0,0.0
553,2.0,14-01-2024,Customer_553,9800000553,DA,40000.0,Open,40000.0,0.0
554,3.0,15-01-2024,Customer_554,9800000554,BA,30000.0,Open,30000.0,0.0
555,4.0,16-01-2024,Customer_555,9800000555,FSD,45000.0,Open,45000.0,0.0
556,5.0,17-01-2024,Customer_556,9800000556,DS,35000.0,Open,35000.0,0.0
557,6.0,18-01-2024,Customer_557,9800000557,DA,40000.0,Open,40000.0,0.0
558,7.0,19-01-2024,Customer_558,9800000558,BA,30000.0,Open,30000.0,0.0
559,8.0,20-01-2024,Customer_559,9800000559,FSD,45000.0,Open,45000.0,0.0
560,1.0,21-01-2024,Customer_560,9800000560,DS,35000.0,Open,35000.0,0.0
561,2.0,22-01-2024,Customer_561,9800000561,DA,40000.0,Open,40000.0,0.0
562,3.0,23-01-2024,Customer_562,9800000562,BA,30000.0,Open,30000.0,0.0
563,4.0,24-01-2024,Customer_563,9800000563,FSD,45000.0,Open,45000.0,0.0
564,5.0,25-01-2024,Customer_564,9800000564,DS,35000.0,Open,35000.0,0.0
565,6.0,26-01-2024,Customer_565,9800000565,DA,40000.0,Open,40000.0,0.0
566,7.0,27-01-2024,Customer_566,9800000566,BA,30000.0,Open,30000.0,0.0
567,8.0,28-01-2024,Customer_567,9800000567,FSD,45000.0,Open,45000.0,0.0
568,1.0,29-01-2024,Customer_568,9800000568,DS,35000.0,Open,35000.0,0.0
569,2.0,30-01-2024,Customer_569,9800000569,DA,40000.0,Open,40000.0,0.0
570,3.0,31-01-2024,Customer_570,9800000570,BA,30000.0,Open,30000.0,0.0
571,4.0,01-02-2024,Customer_571,9800000571,FSD,45000.0,Open,45000.0,0.0
572,5.0,02-02-2024,Customer_572,9800000572,DS,35000.0,Open,35000.0,0.0
573,6.0,03-02-2024,Customer_573,9800000573,DA,40000.0,Open,40000.0,0.0
574,7.0,04-02-2024,Customer_574,9800000574,BA,30000.0,Open,30000.0,0.0
575,8.0,05-02-2024,Customer_575,9800000575,FSD,45000.0,Open,45000.0,0.0
576,1.0,06-02-2024,Customer_576,9800000576,DS,35000.0,Open,35000.0,0.0
577,2.0,07-02-2024,Customer_577,9800000577,DA,40000.0,Open,40000.0,0.0
578,3.0,08-02-2024,Customer_578,9800000578,BA,30000.0,Open,30000.0,0.0
579,4.0,09-02-2024,Customer_579,9800000579,FSD,45000.0,Open,45000.0,0.0
580,5.0,10-02-2024,Customer_580,9800000580,DS,35000.0,Open,35000.0,0.0
581,6.0,11-02-2024,Customer_581,9800000581,DA,40000.0,Open,40000.0,0.0
582,7.0,12-02-2024,Customer_582,9800000582,BA,30000.0,Open,30000.0,0.0
583,8.0,13-02-2024,Customer_583,9800000583,FSD,45000.0,Open,45000.0,0.0
584,1.0,14-02-2024,Customer_584,9800000584,DS,35000.0,Open,35000.0,0.0
585,2.0,15-02-2024,Customer_585,9800000585,DA,40000.0,Open,40000.0,0.0
586,3.0,16-02-2024,Customer_586,9800000586,BA,30000.0,Open,30000.0,0.0
587,4.0,17-02-2024,Customer_587,9800000587,FSD,45000.0,Open,45000.0,0.0
588,5.0,18-02-2024,Customer_588,9800000588,DS,35000.0,Open,35000.0,0.0
589,6.0,19-02-2024,Customer_589,9800000589,DA,40000.0,Open,40000.0,0.0
590,7.0,20-02-2024,Customer_590,9800000590,BA,30000.0,Open,30000.0,0.0
591,8.0,21-02-2024,Customer_591,9800000591,FSD,45000.0,Open,45000.0,0.0
592,1.0,22-02-2024,Customer_592,9800000592,DS,35000.0,Open,35000.0,0.0
593,2.0,23-02-2024,Customer_593,9800000593,DA,40000.0,Open,40000.0,0.0
594,3.0,24-02-2024,Customer_594,9800000594,BA,30000.0,Open,30000.0,0.0
595,4.0,25-02-2024,Customer_595,9800000595,FSD,45000.0,Open,45000.0,0.0
596,5.0,26-02-2024,Customer_596,9800000596,DS,35000.0,Open,35000.0,0.0
597,6.0,27-02-2024,Customer_597,9800000597,DA,40000.0,Open,40000.0,0.0
598,7.0,28-02-2024,Customer_598,9800000598,BA,30000.0,Open,30000.0,0.0
599,8.0,29-02-2024,Customer_599,9800000599,FSD,45000.0,Open,45000.0,0.0
600,1.0,01-03-2024,Customer_600,9800000600,DS,35000.0,Open,35000.0,0.0
601,3.0,24-03-2026,Customer_601,1234567898,FSD,40000.0,Open,39990.0,10.0
602,5.0,24-03-2026,Customer_602,2345678912,FSD,50000.0,Open,50000.0,0.0
603,3.0,24-03-2026,Customer_603,9876543210,BA,50000.0,Open,45000.0,5000.0
604,4.0,25-03-2026,Customer_604,9875000000,DA,40000.0,Open,29998.0,10002.0
605,4.0,2026-03-25,Customer_605,9086907654,BA,40000.0,Open,,
